Date,Max,Min,Avg
1/1/2010,68,41,54.5
1/2/2010,71,45,58
1/3/2010,71,42,56.5
1/4/2010,74,45,59.5
1/5/2010,73,45,59
1/6/2010,69,44,56.5
1/7/2010,69,48,58.5
1/8/2010,70,44,57
1/9/2010,70,45,57.5
1/10/2010,71,46,58.5
1/11/2010,73,44,58.5
1/12/2010,75,47,61
1/13/2010,72,54,63
1/14/2010,73,48,60.5
1/15/2010,74,48,61
1/16/2010,70,53,61.5
1/17/2010,69,49,59
1/18/2010,59,51,55
1/19/2010,68,52,60
1/20/2010,64,47,55.5
1/21/2010,61,51,56
1/22/2010,60,47,53.5
1/23/2010,57,46,51.5
1/24/2010,58,41,49.5
1/25/2010,62,42,52
1/26/2010,67,46,56.5
1/27/2010,63,52,57.5
1/28/2010,64,51,57.5
1/29/2010,67,50,58.5
1/30/2010,68,50,59
1/31/2010,69,47,58
2/1/2010,67,49,58
2/2/2010,73,52,62.5
2/3/2010,71,54,62.5
2/4/2010,68,50,59
2/5/2010,70,50,60
2/6/2010,69,51,60
2/7/2010,63,49,56
2/8/2010,64,47,55.5
2/9/2010,66,46,56
2/10/2010,60,50,55
2/11/2010,64,44,54
2/12/2010,68,47,57.5
2/13/2010,73,48,60.5
2/14/2010,76,49,62.5
2/15/2010,76,52,64
2/16/2010,77,54,65.5
2/17/2010,78,51,64.5
2/18/2010,75,51,63
2/19/2010,76,51,63.5
2/20/2010,61,51,56
2/21/2010,64,51,57.5
2/22/2010,61,47,54
2/23/2010,62,41,51.5
2/24/2010,68,49,58.5
2/25/2010,72,51,61.5
2/26/2010,70,51,60.5
2/27/2010,71,53,62
2/28/2010,59,50,54.5
3/1/2010,67,48,57.5
3/2/2010,74,51,62.5
3/3/2010,73,51,62
3/4/2010,70,51,60.5
3/5/2010,71,49,60
3/6/2010,77,53,65
3/7/2010,61,48,54.5
3/8/2010,58,47,52.5
3/9/2010,59,49,54
3/10/2010,61,44,52.5
3/11/2010,62,45,53.5
3/12/2010,69,46,57.5
3/13/2010,72,49,60.5
3/14/2010,66,51,58.5
3/15/2010,76,51,63.5
3/16/2010,81,55,68
3/17/2010,85,56,70.5
3/18/2010,83,56,69.5
3/19/2010,77,58,67.5
3/20/2010,73,57,65
3/21/2010,78,51,64.5
3/22/2010,83,54,68.5
3/23/2010,68,56,62
3/24/2010,73,54,63.5
3/25/2010,78,52,65
3/26/2010,75,53,64
3/27/2010,76,51,63.5
3/28/2010,80,53,66.5
3/29/2010,84,55,69.5
3/30/2010,87,56,71.5
3/31/2010,84,59,71.5
4/1/2010,68,55,61.5
4/2/2010,70,50,60
4/3/2010,79,53,66
4/4/2010,83,55,69
4/5/2010,81,58,69.5
4/6/2010,78,57,67.5
4/7/2010,77,59,68
4/8/2010,86,56,71
4/9/2010,86,57,71.5
4/10/2010,88,58,73
4/11/2010,89,59,74
4/12/2010,83,61,72
4/13/2010,75,58,66.5
4/14/2010,83,56,69.5
4/15/2010,91,59,75
4/16/2010,85,64,74.5
4/17/2010,90,60,75
4/18/2010,96,68,82
4/19/2010,88,68,78
4/20/2010,89,66,77.5
4/21/2010,77,58,67.5
4/22/2010,67,53,60
4/23/2010,72,52,62
4/24/2010,81,56,68.5
4/25/2010,89,59,74
4/26/2010,92,62,77
4/27/2010,95,64,79.5
4/28/2010,91,68,79.5
4/29/2010,73,59,66
4/30/2010,74,52,63
5/1/2010,81,56,68.5
5/2/2010,82,60,71
5/3/2010,84,57,70.5
5/4/2010,92,60,76
5/5/2010,98,65,81.5
5/6/2010,94,65,79.5
5/7/2010,95,67,81
5/8/2010,97,68,82.5
5/9/2010,94,70,82
5/10/2010,83,61,72
5/11/2010,78,63,70.5
5/12/2010,82,56,69
5/13/2010,87,63,75
5/14/2010,91,66,78.5
5/15/2010,95,68,81.5
5/16/2010,98,68,83
5/17/2010,97,69,83
5/18/2010,88,68,78
5/19/2010,94,66,80
5/20/2010,98,68,83
5/21/2010,101,72,86.5
5/22/2010,91,72,81.5
5/23/2010,79,62,70.5
5/24/2010,80,58,69
5/25/2010,90,61,75.5
5/26/2010,95,65,80
5/27/2010,97,67,82
5/28/2010,98,71,84.5
5/29/2010,94,70,82
5/30/2010,98,68,83
5/31/2010,100,70,85
6/1/2010,99,71,85
6/2/2010,97,71,84
6/3/2010,100,74,87
6/4/2010,103,76,89.5
6/5/2010,107,80,93.5
6/6/2010,109,83,96
6/7/2010,108,82,95
6/8/2010,107,81,94
6/9/2010,106,82,94
6/10/2010,103,80,91.5
6/11/2010,96,77,86.5
6/12/2010,87,69,78
6/13/2010,93,70,81.5
6/14/2010,101,73,87
6/15/2010,104,76,90
6/16/2010,104,77,90.5
6/17/2010,105,77,91
6/18/2010,108,76,92
6/19/2010,104,75,89.5
6/20/2010,105,78,91.5
6/21/2010,105,77,91
6/22/2010,104,75,89.5
6/23/2010,109,76,92.5
6/24/2010,113,79,96
6/25/2010,110,88,99
6/26/2010,107,80,93.5
6/27/2010,108,79,93.5
6/28/2010,112,81,96.5
6/29/2010,111,84,97.5
6/30/2010,113,89,101
7/1/2010,114,89,101.5
7/2/2010,114,90,102
7/3/2010,104,87,95.5
7/4/2010,104,81,92.5
7/5/2010,104,82,93
7/6/2010,105,82,93.5
7/7/2010,107,83,95
7/8/2010,112,86,99
7/9/2010,112,92,102
7/10/2010,109,91,100
7/11/2010,107,91,99
7/12/2010,107,87,97
7/13/2010,109,90,99.5
7/14/2010,112,91,101.5
7/15/2010,113,94,103.5
7/16/2010,113,94,103.5
7/17/2010,110,90,100
7/18/2010,109,89,99
7/19/2010,110,94,102
7/20/2010,109,87,98
7/21/2010,106,89,97.5
7/22/2010,100,84,92
7/23/2010,92,84,88
7/24/2010,106,85,95.5
7/25/2010,110,88,99
7/26/2010,107,88,97.5
7/27/2010,104,88,96
7/28/2010,105,86,95.5
7/29/2010,104,79,91.5
7/30/2010,98,78,88
7/31/2010,88,74,81
8/1/2010,87,79,83
8/2/2010,102,78,90
8/3/2010,107,84,95.5
8/4/2010,110,87,98.5
8/5/2010,112,86,99
8/6/2010,109,89,99
8/7/2010,99,77,88
8/8/2010,104,80,92
8/9/2010,104,81,92.5
8/10/2010,108,85,96.5
8/11/2010,108,90,99
8/12/2010,110,87,98.5
8/13/2010,110,85,97.5
8/14/2010,108,87,97.5
8/15/2010,109,90,99.5
8/16/2010,106,89,97.5
8/17/2010,107,77,92
8/18/2010,104,78,91
8/19/2010,109,87,98
8/20/2010,110,86,98
8/21/2010,106,77,91.5
8/22/2010,103,77,90
8/23/2010,109,87,98
8/24/2010,111,90,100.5
8/25/2010,105,87,96
8/26/2010,95,87,91
8/27/2010,93,82,87.5
8/28/2010,101,80,90.5
8/29/2010,101,80,90.5
8/30/2010,98,79,88.5
8/31/2010,99,77,88
9/1/2010,104,80,92
9/2/2010,108,80,94
9/3/2010,111,81,96
9/4/2010,109,86,97.5
9/5/2010,108,83,95.5
9/6/2010,105,87,96
9/7/2010,103,86,94.5
9/8/2010,103,81,92
9/9/2010,96,71,83.5
9/10/2010,96,71,83.5
9/11/2010,100,72,86
9/12/2010,99,75,87
9/13/2010,106,74,90
9/14/2010,105,77,91
9/15/2010,105,79,92
9/16/2010,106,79,92.5
9/17/2010,107,77,92
9/18/2010,109,77,93
9/19/2010,111,80,95.5
9/20/2010,107,89,98
9/21/2010,103,83,93
9/22/2010,97,77,87
9/23/2010,96,74,85
9/24/2010,101,75,88
9/25/2010,105,76,90.5
9/26/2010,105,82,93.5
9/27/2010,106,80,93
9/28/2010,101,81,91
9/29/2010,104,76,90
9/30/2010,107,78,92.5
10/1/2010,106,81,93.5
10/2/2010,102,81,91.5
10/3/2010,99,76,87.5
10/4/2010,98,74,86
10/5/2010,87,66,76.5
10/6/2010,89,67,78
10/7/2010,88,67,77.5
10/8/2010,87,63,75
10/9/2010,91,63,77
10/10/2010,91,65,78
10/11/2010,93,67,80
10/12/2010,96,68,82
10/13/2010,99,71,85
10/14/2010,100,75,87.5
10/15/2010,93,72,82.5
10/16/2010,92,71,81.5
10/17/2010,91,71,81
10/18/2010,87,73,80
10/19/2010,88,70,79
10/20/2010,73,64,68.5
10/21/2010,72,58,65
10/22/2010,74,60,67
10/23/2010,78,58,68
10/24/2010,82,61,71.5
10/25/2010,78,62,70
10/26/2010,81,60,70.5
10/27/2010,82,58,70
10/28/2010,92,59,75.5
10/29/2010,94,66,80
10/30/2010,87,61,74
10/31/2010,81,59,70
11/1/2010,86,59,72.5
11/2/2010,89,60,74.5
11/3/2010,92,62,77
11/4/2010,89,67,78
11/5/2010,88,64,76
11/6/2010,87,62,74.5
11/7/2010,85,58,71.5
11/8/2010,81,59,70
11/9/2010,71,54,62.5
11/10/2010,71,48,59.5
11/11/2010,72,48,60
11/12/2010,72,49,60.5
11/13/2010,76,48,62
11/14/2010,73,49,61
11/15/2010,75,49,62
11/16/2010,77,51,64
11/17/2010,80,52,66
11/18/2010,82,55,68.5
11/19/2010,77,52,64.5
11/20/2010,75,54,64.5
11/21/2010,72,58,65
11/22/2010,64,50,57
11/23/2010,61,43,52
11/24/2010,63,46,54.5
11/25/2010,63,46,54.5
11/26/2010,68,41,54.5
11/27/2010,70,41,55.5
11/28/2010,62,42,52
11/29/2010,58,38,48
11/30/2010,62,35,48.5
12/1/2010,72,40,56
12/2/2010,76,45,60.5
12/3/2010,75,48,61.5
12/4/2010,73,47,60
12/5/2010,78,48,63
12/6/2010,78,52,65
12/7/2010,77,49,63
12/8/2010,80,48,64
12/9/2010,76,50,63
12/10/2010,74,51,62.5
12/11/2010,76,48,62
12/12/2010,79,50,64.5
12/13/2010,82,54,68
12/14/2010,78,51,64.5
12/15/2010,72,49,60.5
12/16/2010,60,54,57
12/17/2010,62,50,56
12/18/2010,70,54,62
12/19/2010,75,56,65.5
12/20/2010,71,54,62.5
12/21/2010,66,57,61.5
12/22/2010,75,52,63.5
12/23/2010,61,50,55.5
12/24/2010,68,45,56.5
12/25/2010,76,48,62
12/26/2010,66,50,58
12/27/2010,67,48,57.5
12/28/2010,65,46,55.5
12/29/2010,54,47,50.5
12/30/2010,53,38,45.5
12/31/2010,48,32,40
1/1/2011,49,30,39.5
1/2/2011,56,32,44
1/3/2011,59,38,48.5
1/4/2011,59,39,49
1/5/2011,62,38,50
1/6/2011,65,41,53
1/7/2011,67,42,54.5
1/8/2011,62,40,51
1/9/2011,63,41,52
1/10/2011,62,42,52
1/11/2011,64,41,52.5
1/12/2011,69,49,59
1/13/2011,72,49,60.5
1/14/2011,73,44,58.5
1/15/2011,76,48,62
1/16/2011,71,47,59
1/17/2011,74,48,61
1/18/2011,75,48,61.5
1/19/2011,75,48,61.5
1/20/2011,72,48,60
1/21/2011,70,43,56.5
1/22/2011,71,44,57.5
1/23/2011,71,47,59
1/24/2011,69,42,55.5
1/25/2011,69,43,56
1/26/2011,72,43,57.5
1/27/2011,73,49,61
1/28/2011,73,46,59.5
1/29/2011,72,45,58.5
1/30/2011,72,45,58.5
1/31/2011,64,50,57
2/1/2011,64,41,52.5
2/2/2011,44,33,38.5
2/3/2011,49,30,39.5
2/4/2011,54,30,42
2/5/2011,62,36,49
2/6/2011,71,39,55
2/7/2011,72,42,57
2/8/2011,72,45,58.5
2/9/2011,68,43,55.5
2/10/2011,66,39,52.5
2/11/2011,75,41,58
2/12/2011,79,44,61.5
2/13/2011,80,46,63
2/14/2011,81,48,64.5
2/15/2011,79,48,63.5
2/16/2011,75,50,62.5
2/17/2011,73,56,64.5
2/18/2011,68,52,60
2/19/2011,74,50,62
2/20/2011,57,44,50.5
2/21/2011,63,41,52
2/22/2011,67,43,55
2/23/2011,67,44,55.5
2/24/2011,66,45,55.5
2/25/2011,68,46,57
2/26/2011,68,45,56.5
2/27/2011,56,43,49.5
2/28/2011,70,41,55.5
3/1/2011,76,47,61.5
3/2/2011,79,50,64.5
3/3/2011,79,54,66.5
3/4/2011,81,52,66.5
3/5/2011,79,50,64.5
3/6/2011,79,53,66
3/7/2011,75,60,67.5
3/8/2011,72,55,63.5
3/9/2011,81,50,65.5
3/10/2011,88,55,71.5
3/11/2011,87,55,71
3/12/2011,85,56,70.5
3/13/2011,85,56,70.5
3/14/2011,85,57,71
3/15/2011,86,60,73
3/16/2011,91,60,75.5
3/17/2011,90,62,76
3/18/2011,87,60,73.5
3/19/2011,81,57,69
3/20/2011,78,56,67
3/21/2011,69,51,60
3/22/2011,67,48,57.5
3/23/2011,75,47,61
3/24/2011,73,56,64.5
3/25/2011,74,50,62
3/26/2011,77,53,65
3/27/2011,77,54,65.5
3/28/2011,81,55,68
3/29/2011,86,59,72.5
3/30/2011,88,59,73.5
3/31/2011,93,64,78.5
4/1/2011,100,67,83.5
4/2/2011,95,67,81
4/3/2011,87,70,78.5
4/4/2011,84,64,74
4/5/2011,88,59,73.5
4/6/2011,83,66,74.5
4/7/2011,84,63,73.5
4/8/2011,74,52,63
4/9/2011,54,45,49.5
4/10/2011,67,44,55.5
4/11/2011,82,50,66
4/12/2011,85,58,71.5
4/13/2011,86,58,72
4/14/2011,81,57,69
4/15/2011,88,58,73
4/16/2011,95,62,78.5
4/17/2011,97,66,81.5
4/18/2011,93,66,79.5
4/19/2011,88,68,78
4/20/2011,90,65,77.5
4/21/2011,92,68,80
4/22/2011,90,64,77
4/23/2011,89,67,78
4/24/2011,86,66,76
4/25/2011,87,65,76
4/26/2011,89,69,79
4/27/2011,87,65,76
4/28/2011,94,64,79
4/29/2011,90,69,79.5
4/30/2011,83,65,74
5/1/2011,79,61,70
5/2/2011,86,57,71.5
5/3/2011,94,64,79
5/4/2011,98,65,81.5
5/5/2011,99,66,82.5
5/6/2011,101,68,84.5
5/7/2011,99,69,84
5/8/2011,95,69,82
5/9/2011,80,65,72.5
5/10/2011,76,61,68.5
5/11/2011,86,60,73
5/12/2011,94,64,79
5/13/2011,101,70,85.5
5/14/2011,95,71,83
5/15/2011,93,70,81.5
5/16/2011,88,68,78
5/17/2011,83,66,74.5
5/18/2011,77,63,70
5/19/2011,79,55,67
5/20/2011,88,61,74.5
5/21/2011,94,67,80.5
5/22/2011,95,69,82
5/23/2011,92,68,80
5/24/2011,90,67,78.5
5/25/2011,97,67,82
5/26/2011,100,70,85
5/27/2011,101,71,86
5/28/2011,101,77,89
5/29/2011,89,70,79.5
5/30/2011,85,64,74.5
5/31/2011,100,65,82.5
6/1/2011,94,73,83.5
6/2/2011,95,68,81.5
6/3/2011,97,66,81.5
6/4/2011,102,69,85.5
6/5/2011,105,73,89
6/6/2011,96,75,85.5
6/7/2011,96,70,83
6/8/2011,97,72,84.5
6/9/2011,98,71,84.5
6/10/2011,100,73,86.5
6/11/2011,101,74,87.5
6/12/2011,103,74,88.5
6/13/2011,101,73,87
6/14/2011,106,74,90
6/15/2011,110,78,94
6/16/2011,105,78,91.5
6/17/2011,105,80,92.5
6/18/2011,106,77,91.5
6/19/2011,100,76,88
6/20/2011,103,78,90.5
6/21/2011,109,78,93.5
6/22/2011,112,81,96.5
6/23/2011,111,84,97.5
6/24/2011,110,85,97.5
6/25/2011,111,85,98
6/26/2011,112,86,99
6/27/2011,115,85,100
6/28/2011,111,86,98.5
6/29/2011,112,90,101
6/30/2011,105,86,95.5
7/1/2011,112,80,96
7/2/2011,118,84,101
7/3/2011,112,90,101
7/4/2011,104,83,93.5
7/5/2011,105,78,91.5
7/6/2011,103,79,91
7/7/2011,107,87,97
7/8/2011,110,89,99.5
7/9/2011,110,83,96.5
7/10/2011,106,82,94
7/11/2011,100,76,88
7/12/2011,103,84,93.5
7/13/2011,104,82,93
7/14/2011,103,77,90
7/15/2011,103,77,90
7/16/2011,107,79,93
7/17/2011,111,85,98
7/18/2011,112,90,101
7/19/2011,109,88,98.5
7/20/2011,109,89,99
7/21/2011,108,87,97.5
7/22/2011,106,88,97
7/23/2011,106,86,96
7/24/2011,103,74,88.5
7/25/2011,98,75,86.5
7/26/2011,105,85,95
7/27/2011,105,84,94.5
7/28/2011,108,88,98
7/29/2011,107,89,98
7/30/2011,110,87,98.5
7/31/2011,111,83,97
8/1/2011,106,82,94
8/2/2011,113,89,101
8/3/2011,111,84,97.5
8/4/2011,107,81,94
8/5/2011,109,88,98.5
8/6/2011,108,87,97.5
8/7/2011,108,88,98
8/8/2011,104,87,95.5
8/9/2011,105,88,96.5
8/10/2011,106,90,98
8/11/2011,103,85,94
8/12/2011,101,87,94
8/13/2011,103,86,94.5
8/14/2011,109,88,98.5
8/15/2011,108,90,99
8/16/2011,107,88,97.5
8/17/2011,110,88,99
8/18/2011,112,83,97.5
8/19/2011,106,83,94.5
8/20/2011,107,86,96.5
8/21/2011,108,86,97
8/22/2011,113,88,100.5
8/23/2011,114,89,101.5
8/24/2011,114,90,102
8/25/2011,113,92,102.5
8/26/2011,117,93,105
8/27/2011,112,90,101
8/28/2011,107,89,98
8/29/2011,112,88,100
8/30/2011,113,90,101.5
8/31/2011,112,91,101.5
9/1/2011,112,90,101
9/2/2011,102,87,94.5
9/3/2011,109,85,97
9/4/2011,110,85,97.5
9/5/2011,106,91,98.5
9/6/2011,107,85,96
9/7/2011,108,87,97.5
9/8/2011,109,87,98
9/9/2011,100,79,89.5
9/10/2011,101,78,89.5
9/11/2011,99,77,88
9/12/2011,102,79,90.5
9/13/2011,99,74,86.5
9/14/2011,94,72,83
9/15/2011,98,77,87.5
9/16/2011,100,78,89
9/17/2011,97,77,87
9/18/2011,101,74,87.5
9/19/2011,104,75,89.5
9/20/2011,105,74,89.5
9/21/2011,107,75,91
9/22/2011,106,78,92
9/23/2011,108,78,93
9/24/2011,107,78,92.5
9/25/2011,102,81,91.5
9/26/2011,100,74,87
9/27/2011,101,78,89.5
9/28/2011,99,76,87.5
9/29/2011,101,76,88.5
9/30/2011,104,79,91.5
10/1/2011,97,82,89.5
10/2/2011,100,77,88.5
10/3/2011,100,79,89.5
10/4/2011,95,67,81
10/5/2011,83,64,73.5
10/6/2011,76,63,69.5
10/7/2011,77,57,67
10/8/2011,79,58,68.5
10/9/2011,85,59,72
10/10/2011,88,62,75
10/11/2011,91,63,77
10/12/2011,96,65,80.5
10/13/2011,99,68,83.5
10/14/2011,99,69,84
10/15/2011,99,71,85
10/16/2011,97,69,83
10/17/2011,97,68,82.5
10/18/2011,97,69,83
10/19/2011,98,70,84
10/20/2011,94,67,80.5
10/21/2011,94,68,81
10/22/2011,97,68,82.5
10/23/2011,97,67,82
10/24/2011,93,68,80.5
10/25/2011,91,71,81
10/26/2011,80,66,73
10/27/2011,78,57,67.5
10/28/2011,86,58,72
10/29/2011,88,61,74.5
10/30/2011,90,61,75.5
10/31/2011,90,63,76.5
11/1/2011,88,61,74.5
11/2/2011,79,62,70.5
11/3/2011,84,53,68.5
11/4/2011,84,54,69
11/5/2011,63,51,57
11/6/2011,67,48,57.5
11/7/2011,61,48,54.5
11/8/2011,64,45,54.5
11/9/2011,74,47,60.5
11/10/2011,76,59,67.5
11/11/2011,73,59,66
11/12/2011,76,55,65.5
11/13/2011,71,59,65
11/14/2011,72,54,63
11/15/2011,72,53,62.5
11/16/2011,74,53,63.5
11/17/2011,79,54,66.5
11/18/2011,76,53,64.5
11/19/2011,75,53,64
11/20/2011,74,53,63.5
11/21/2011,69,55,62
11/22/2011,73,50,61.5
11/23/2011,82,52,67
11/24/2011,68,51,59.5
11/25/2011,72,56,64
11/26/2011,78,49,63.5
11/27/2011,75,52,63.5
11/28/2011,75,48,61.5
11/29/2011,73,50,61.5
11/30/2011,76,48,62
12/1/2011,63,49,56
12/2/2011,61,44,52.5
12/3/2011,57,44,50.5
12/4/2011,56,40,48
12/5/2011,56,40,48
12/6/2011,56,36,46
12/7/2011,60,37,48.5
12/8/2011,63,38,50.5
12/9/2011,68,38,53
12/10/2011,71,42,56.5
12/11/2011,70,45,57.5
12/12/2011,58,49,53.5
12/13/2011,55,48,51.5
12/14/2011,57,47,52
12/15/2011,60,41,50.5
12/16/2011,70,46,58
12/17/2011,70,54,62
12/18/2011,56,49,52.5
12/19/2011,58,48,53
12/20/2011,62,51,56.5
12/21/2011,63,45,54
12/22/2011,57,43,50
12/23/2011,61,39,50
12/24/2011,62,38,50
12/25/2011,66,39,52.5
12/26/2011,64,40,52
12/27/2011,66,39,52.5
12/28/2011,68,41,54.5
12/29/2011,70,42,56
12/30/2011,75,45,60
12/31/2011,74,48,61
1/1/2012,81,46,63.5
1/2/2012,79,57,68
1/3/2012,75,54,64.5
1/4/2012,79,48,63.5
1/5/2012,77,50,63.5
1/6/2012,73,47,60
1/7/2012,71,46,58.5
1/8/2012,67,47,57
1/9/2012,67,44,55.5
1/10/2012,67,43,55
1/11/2012,66,44,55
1/12/2012,65,45,55
1/13/2012,70,38,54
1/14/2012,72,43,57.5
1/15/2012,63,53,58
1/16/2012,66,52,59
1/17/2012,69,46,57.5
1/18/2012,67,44,55.5
1/19/2012,70,44,57
1/20/2012,71,43,57
1/21/2012,72,48,60
1/22/2012,63,45,54
1/23/2012,63,42,52.5
1/24/2012,67,46,56.5
1/25/2012,71,45,58
1/26/2012,74,45,59.5
1/27/2012,69,46,57.5
1/28/2012,77,46,61.5
1/29/2012,78,46,62
1/30/2012,74,48,61
1/31/2012,75,50,62.5
2/1/2012,75,47,61
2/2/2012,68,45,56.5
2/3/2012,68,45,56.5
2/4/2012,69,45,57
2/5/2012,72,43,57.5
2/6/2012,68,47,57.5
2/7/2012,74,50,62
2/8/2012,75,54,64.5
2/9/2012,78,53,65.5
2/10/2012,80,52,66
2/11/2012,81,53,67
2/12/2012,69,53,61
2/13/2012,68,48,58
2/14/2012,61,47,54
2/15/2012,64,42,53
2/16/2012,69,45,57
2/17/2012,70,48,59
2/18/2012,70,45,57.5
2/19/2012,68,47,57.5
2/20/2012,70,47,58.5
2/21/2012,75,44,59.5
2/22/2012,77,47,62
2/23/2012,78,50,64
2/24/2012,81,50,65.5
2/25/2012,79,52,65.5
2/26/2012,81,50,65.5
2/27/2012,79,54,66.5
2/28/2012,65,49,57
2/29/2012,70,44,57
3/1/2012,71,46,58.5
3/2/2012,68,51,59.5
3/3/2012,72,44,58
3/4/2012,81,47,64
3/5/2012,85,52,68.5
3/6/2012,86,53,69.5
3/7/2012,69,49,59
3/8/2012,72,45,58.5
3/9/2012,77,51,64
3/10/2012,73,54,63.5
3/11/2012,80,51,65.5
3/12/2012,83,52,67.5
3/13/2012,85,52,68.5
3/14/2012,82,52,67
3/15/2012,85,54,69.5
3/16/2012,87,56,71.5
3/17/2012,81,58,69.5
3/18/2012,64,42,53
3/19/2012,58,45,51.5
3/20/2012,66,42,54
3/21/2012,75,48,61.5
3/22/2012,84,53,68.5
3/23/2012,87,58,72.5
3/24/2012,88,59,73.5
3/25/2012,85,60,72.5
3/26/2012,74,57,65.5
3/27/2012,83,55,69
3/28/2012,86,58,72
3/29/2012,86,60,73
3/30/2012,89,61,75
3/31/2012,94,63,78.5
4/1/2012,77,63,70
4/2/2012,74,57,65.5
4/3/2012,80,52,66
4/4/2012,83,57,70
4/5/2012,88,59,73.5
4/6/2012,81,60,70.5
4/7/2012,90,56,73
4/8/2012,91,59,75
4/9/2012,94,65,79.5
4/10/2012,93,63,78
4/11/2012,77,66,71.5
4/12/2012,75,59,67
4/13/2012,80,58,69
4/14/2012,65,50,57.5
4/15/2012,74,53,63.5
4/16/2012,84,56,70
4/17/2012,92,62,77
4/18/2012,95,64,79.5
4/19/2012,95,66,80.5
4/20/2012,96,69,82.5
4/21/2012,103,71,87
4/22/2012,105,73,89
4/23/2012,103,74,88.5
4/24/2012,96,68,82
4/25/2012,91,73,82
4/26/2012,81,62,71.5
4/27/2012,85,62,73.5
4/28/2012,92,65,78.5
4/29/2012,93,66,79.5
4/30/2012,95,70,82.5
5/1/2012,93,70,81.5
5/2/2012,95,71,83
5/3/2012,96,68,82
5/4/2012,96,68,82
5/5/2012,94,68,81
5/6/2012,92,67,79.5
5/7/2012,92,68,80
5/8/2012,92,66,79
5/9/2012,95,68,81.5
5/10/2012,94,63,78.5
5/11/2012,99,71,85
5/12/2012,99,70,84.5
5/13/2012,103,72,87.5
5/14/2012,102,74,88
5/15/2012,106,78,92
5/16/2012,105,79,92
5/17/2012,105,75,90
5/18/2012,97,76,86.5
5/19/2012,98,70,84
5/20/2012,104,73,88.5
5/21/2012,108,75,91.5
5/22/2012,108,76,92
5/23/2012,103,74,88.5
5/24/2012,99,76,87.5
5/25/2012,95,74,84.5
5/26/2012,82,66,74
5/27/2012,87,62,74.5
5/28/2012,94,66,80
5/29/2012,100,69,84.5
5/30/2012,101,71,86
5/31/2012,109,73,91
6/1/2012,111,79,95
6/2/2012,107,79,93
6/3/2012,103,75,89
6/4/2012,102,76,89
6/5/2012,101,77,89
6/6/2012,101,74,87.5
6/7/2012,103,76,89.5
6/8/2012,104,77,90.5
6/9/2012,103,75,89
6/10/2012,102,76,89
6/11/2012,104,79,91.5
6/12/2012,107,79,93
6/13/2012,107,77,92
6/14/2012,107,78,92.5
6/15/2012,103,78,90.5
6/16/2012,106,78,92
6/17/2012,110,82,96
6/18/2012,112,87,99.5
6/19/2012,108,81,94.5
6/20/2012,109,79,94
6/21/2012,109,80,94.5
6/22/2012,107,85,96
6/23/2012,107,81,94
6/24/2012,105,87,96
6/25/2012,108,89,98.5
6/26/2012,110,89,99.5
6/27/2012,110,89,99.5
6/28/2012,110,89,99.5
6/29/2012,110,90,100
6/30/2012,109,89,99
7/1/2012,109,85,97
7/2/2012,106,87,96.5
7/3/2012,100,86,93
7/4/2012,91,74,82.5
7/5/2012,99,77,88
7/6/2012,104,85,94.5
7/7/2012,109,86,97.5
7/8/2012,110,88,99
7/9/2012,113,92,102.5
7/10/2012,112,91,101.5
7/11/2012,111,90,100.5
7/12/2012,105,79,92
7/13/2012,95,77,86
7/14/2012,97,76,86.5
7/15/2012,100,76,88
7/16/2012,103,78,90.5
7/17/2012,103,82,92.5
7/18/2012,106,82,94
7/19/2012,107,87,97
7/20/2012,109,86,97.5
7/21/2012,108,83,95.5
7/22/2012,105,83,94
7/23/2012,106,85,95.5
7/24/2012,104,83,93.5
7/25/2012,106,86,96
7/26/2012,107,87,97
7/27/2012,109,89,99
7/28/2012,101,77,89
7/29/2012,104,78,91
7/30/2012,100,80,90
7/31/2012,104,83,93.5
8/1/2012,103,84,93.5
8/2/2012,107,85,96
8/3/2012,109,87,98
8/4/2012,111,88,99.5
8/5/2012,107,89,98
8/6/2012,112,88,100
8/7/2012,112,90,101
8/8/2012,116,93,104.5
8/9/2012,114,93,103.5
8/10/2012,113,90,101.5
8/11/2012,110,92,101
8/12/2012,115,91,103
8/13/2012,115,90,102.5
8/14/2012,113,83,98
8/15/2012,98,81,89.5
8/16/2012,99,83,91
8/17/2012,96,76,86
8/18/2012,100,82,91
8/19/2012,104,85,94.5
8/20/2012,106,86,96
8/21/2012,102,75,88.5
8/22/2012,91,76,83.5
8/23/2012,94,73,83.5
8/24/2012,98,81,89.5
8/25/2012,103,81,92
8/26/2012,105,84,94.5
8/27/2012,107,85,96
8/28/2012,109,86,97.5
8/29/2012,106,85,95.5
8/30/2012,102,85,93.5
8/31/2012,102,84,93
9/1/2012,105,88,96.5
9/2/2012,107,88,97.5
9/3/2012,104,88,96
9/4/2012,101,80,90.5
9/5/2012,101,83,92
9/6/2012,102,85,93.5
9/7/2012,85,72,78.5
9/8/2012,94,78,86
9/9/2012,93,79,86
9/10/2012,98,73,85.5
9/11/2012,82,72,77
9/12/2012,94,75,84.5
9/13/2012,100,78,89
9/14/2012,96,79,87.5
9/15/2012,98,78,88
9/16/2012,100,73,86.5
9/17/2012,99,76,87.5
9/18/2012,102,77,89.5
9/19/2012,105,78,91.5
9/20/2012,104,79,91.5
9/21/2012,105,78,91.5
9/22/2012,106,78,92
9/23/2012,103,80,91.5
9/24/2012,101,79,90
9/25/2012,99,76,87.5
9/26/2012,97,74,85.5
9/27/2012,97,74,85.5
9/28/2012,98,75,86.5
9/29/2012,97,75,86
9/30/2012,103,75,89
10/1/2012,103,74,88.5
10/2/2012,104,74,89
10/3/2012,102,73,87.5
10/4/2012,100,74,87
10/5/2012,95,70,82.5
10/6/2012,93,71,82
10/7/2012,95,73,84
10/8/2012,95,71,83
10/9/2012,95,71,83
10/10/2012,94,71,82.5
10/11/2012,92,73,82.5
10/12/2012,76,65,70.5
10/13/2012,81,61,71
10/14/2012,94,63,78.5
10/15/2012,96,66,81
10/16/2012,93,65,79
10/17/2012,93,66,79.5
10/18/2012,90,67,78.5
10/19/2012,93,66,79.5
10/20/2012,91,66,78.5
10/21/2012,91,68,79.5
10/22/2012,87,66,76.5
10/23/2012,85,65,75
10/24/2012,83,65,74
10/25/2012,84,57,70.5
10/26/2012,84,57,70.5
10/27/2012,86,58,72
10/28/2012,90,59,74.5
10/29/2012,89,61,75
10/30/2012,89,61,75
10/31/2012,88,60,74
11/1/2012,88,59,73.5
11/2/2012,87,63,75
11/3/2012,85,61,73
11/4/2012,91,59,75
11/5/2012,91,59,75
11/6/2012,91,61,76
11/7/2012,89,62,75.5
11/8/2012,87,62,74.5
11/9/2012,78,61,69.5
11/10/2012,65,50,57.5
11/11/2012,65,43,54
11/12/2012,73,44,58.5
11/13/2012,77,47,62
11/14/2012,82,51,66.5
11/15/2012,75,55,65
11/16/2012,81,53,67
11/17/2012,76,56,66
11/18/2012,81,57,69
11/19/2012,80,56,68
11/20/2012,84,55,69.5
11/21/2012,82,56,69
11/22/2012,79,53,66
11/23/2012,85,52,68.5
11/24/2012,85,62,73.5
11/25/2012,82,57,69.5
11/26/2012,80,55,67.5
11/27/2012,84,55,69.5
11/28/2012,80,57,68.5
11/29/2012,78,53,65.5
11/30/2012,76,54,65
12/1/2012,76,54,65
12/2/2012,77,53,65
12/3/2012,77,55,66
12/4/2012,78,54,66
12/5/2012,82,54,68
12/6/2012,77,53,65
12/7/2012,75,53,64
12/8/2012,73,51,62
12/9/2012,70,47,58.5
12/10/2012,65,45,55
12/11/2012,69,41,55
12/12/2012,72,44,58
12/13/2012,72,49,60.5
12/14/2012,61,52,56.5
12/15/2012,58,49,53.5
12/16/2012,59,46,52.5
12/17/2012,63,45,54
12/18/2012,62,44,53
12/19/2012,57,43,50
12/20/2012,63,39,51
12/21/2012,70,45,57.5
12/22/2012,71,50,60.5
12/23/2012,68,43,55.5
12/24/2012,64,47,55.5
12/25/2012,57,45,51
12/26/2012,62,43,52.5
12/27/2012,58,41,49.5
12/28/2012,59,38,48.5
12/29/2012,65,37,51
12/30/2012,56,45,50.5
12/31/2012,56,41,48.5
1/1/2013,57,35,46
1/2/2013,63,37,50
1/3/2013,63,40,51.5
1/4/2013,62,41,51.5
1/5/2013,63,37,50
1/6/2013,68,42,55
1/7/2013,60,41,50.5
1/8/2013,67,39,53
1/9/2013,72,42,57
1/10/2013,61,46,53.5
1/11/2013,54,39,46.5
1/12/2013,53,31,42
1/13/2013,50,30,40
1/14/2013,45,30,37.5
1/15/2013,51,29,40
1/16/2013,61,34,47.5
1/17/2013,73,38,55.5
1/18/2013,74,44,59
1/19/2013,75,44,59.5
1/20/2013,74,45,59.5
1/21/2013,79,45,62
1/22/2013,81,52,66.5
1/23/2013,81,51,66
1/24/2013,65,58,61.5
1/25/2013,77,56,66.5
1/26/2013,64,58,61
1/27/2013,69,57,63
1/28/2013,60,47,53.5
1/29/2013,58,41,49.5
1/30/2013,63,39,51
1/31/2013,69,43,56
2/1/2013,73,44,58.5
2/2/2013,76,48,62
2/3/2013,69,56,62.5
2/4/2013,76,57,66.5
2/5/2013,76,52,64
2/6/2013,74,53,63.5
2/7/2013,74,51,62.5
2/8/2013,68,51,59.5
2/9/2013,57,45,51
2/10/2013,59,42,50.5
2/11/2013,54,44,49
2/12/2013,59,38,48.5
2/13/2013,65,39,52
2/14/2013,70,43,56.5
2/15/2013,77,48,62.5
2/16/2013,80,52,66
2/17/2013,76,50,63
2/18/2013,76,47,61.5
2/19/2013,74,50,62
2/20/2013,58,40,49
2/21/2013,58,39,48.5
2/22/2013,63,42,52.5
2/23/2013,66,43,54.5
2/24/2013,61,48,54.5
2/25/2013,64,40,52
2/26/2013,69,42,55.5
2/27/2013,68,41,54.5
2/28/2013,72,42,57
3/1/2013,80,46,63
3/2/2013,85,51,68
3/3/2013,77,54,65.5
3/4/2013,77,53,65
3/5/2013,81,57,69
3/6/2013,82,55,68.5
3/7/2013,81,53,67
3/8/2013,68,46,57
3/9/2013,58,44,51
3/10/2013,71,44,57.5
3/11/2013,76,48,62
3/12/2013,83,51,67
3/13/2013,89,57,73
3/14/2013,95,59,77
3/15/2013,92,62,77
3/16/2013,88,61,74.5
3/17/2013,87,58,72.5
3/18/2013,86,58,72
3/19/2013,84,62,73
3/20/2013,85,62,73.5
3/21/2013,86,65,75.5
3/22/2013,84,60,72
3/23/2013,80,55,67.5
3/24/2013,81,53,67
3/25/2013,84,55,69.5
3/26/2013,89,62,75.5
3/27/2013,87,61,74
3/28/2013,88,60,74
3/29/2013,89,60,74.5
3/30/2013,88,67,77.5
3/31/2013,90,60,75
4/1/2013,85,63,74
4/2/2013,85,58,71.5
4/3/2013,88,62,75
4/4/2013,93,63,78
4/5/2013,90,65,77.5
4/6/2013,89,63,76
4/7/2013,90,64,77
4/8/2013,84,57,70.5
4/9/2013,75,55,65
4/10/2013,76,53,64.5
4/11/2013,83,56,69.5
4/12/2013,89,60,74.5
4/13/2013,91,61,76
4/14/2013,91,63,77
4/15/2013,89,64,76.5
4/16/2013,83,65,74
4/17/2013,75,59,67
4/18/2013,76,56,66
4/19/2013,82,58,70
4/20/2013,90,58,74
4/21/2013,93,62,77.5
4/22/2013,94,64,79
4/23/2013,93,66,79.5
4/24/2013,90,64,77
4/25/2013,86,69,77.5
4/26/2013,92,63,77.5
4/27/2013,97,67,82
4/28/2013,100,69,84.5
4/29/2013,102,70,86
4/30/2013,101,71,86
5/1/2013,94,72,83
5/2/2013,93,74,83.5
5/3/2013,92,69,80.5
5/4/2013,96,68,82
5/5/2013,93,71,82
5/6/2013,87,69,78
5/7/2013,85,67,76
5/8/2013,84,66,75
5/9/2013,88,67,77.5
5/10/2013,93,68,80.5
5/11/2013,96,73,84.5
5/12/2013,99,73,86
5/13/2013,103,75,89
5/14/2013,103,77,90
5/15/2013,101,76,88.5
5/16/2013,101,73,87
5/17/2013,94,71,82.5
5/18/2013,94,75,84.5
5/19/2013,95,71,83
5/20/2013,97,73,85
5/21/2013,99,71,85
5/22/2013,103,72,87.5
5/23/2013,100,73,86.5
5/24/2013,101,71,86
5/25/2013,98,71,84.5
5/26/2013,96,72,84
5/27/2013,94,71,82.5
5/28/2013,98,70,84
5/29/2013,98,74,86
5/30/2013,100,77,88.5
5/31/2013,101,78,89.5
6/1/2013,108,80,94
6/2/2013,109,82,95.5
6/3/2013,105,79,92
6/4/2013,104,79,91.5
6/5/2013,108,79,93.5
6/6/2013,110,79,94.5
6/7/2013,111,81,96
6/8/2013,110,83,96.5
6/9/2013,108,79,93.5
6/10/2013,109,82,95.5
6/11/2013,109,81,95
6/12/2013,110,84,97
6/13/2013,106,85,95.5
6/14/2013,106,84,95
6/15/2013,107,84,95.5
6/16/2013,108,84,96
6/17/2013,108,81,94.5
6/18/2013,108,80,94
6/19/2013,106,77,91.5
6/20/2013,106,79,92.5
6/21/2013,107,77,92
6/22/2013,105,78,91.5
6/23/2013,107,76,91.5
6/24/2013,104,78,91
6/25/2013,106,79,92.5
6/26/2013,107,79,93
6/27/2013,110,83,96.5
6/28/2013,116,82,99
6/29/2013,119,91,105
6/30/2013,115,91,103
7/1/2013,112,90,101
7/2/2013,108,85,96.5
7/3/2013,111,87,99
7/4/2013,108,91,99.5
7/5/2013,106,89,97.5
7/6/2013,111,88,99.5
7/7/2013,112,90,101
7/8/2013,113,91,102
7/9/2013,107,90,98.5
7/10/2013,104,86,95
7/11/2013,97,82,89.5
7/12/2013,101,87,94
7/13/2013,106,84,95
7/14/2013,110,93,101.5
7/15/2013,110,92,101
7/16/2013,104,83,93.5
7/17/2013,107,84,95.5
7/18/2013,108,88,98
7/19/2013,105,81,93
7/20/2013,103,77,90
7/21/2013,87,74,80.5
7/22/2013,96,79,87.5
7/23/2013,102,82,92
7/24/2013,107,88,97.5
7/25/2013,101,76,88.5
7/26/2013,103,87,95
7/27/2013,105,84,94.5
7/28/2013,108,87,97.5
7/29/2013,107,85,96
7/30/2013,108,86,97
7/31/2013,109,91,100
8/1/2013,106,91,98.5
8/2/2013,107,88,97.5
8/3/2013,109,86,97.5
8/4/2013,106,90,98
8/5/2013,101,86,93.5
8/6/2013,92,76,84
8/7/2013,102,79,90.5
8/8/2013,107,79,93
8/9/2013,109,79,94
8/10/2013,106,83,94.5
8/11/2013,107,79,93
8/12/2013,111,84,97.5
8/13/2013,107,82,94.5
8/14/2013,109,86,97.5
8/15/2013,110,89,99.5
8/16/2013,113,91,102
8/17/2013,114,88,101
8/18/2013,111,86,98.5
8/19/2013,110,91,100.5
8/20/2013,111,88,99.5
8/21/2013,100,90,95
8/22/2013,106,88,97
8/23/2013,103,85,94
8/24/2013,101,81,91
8/25/2013,89,80,84.5
8/26/2013,100,77,88.5
8/27/2013,107,80,93.5
8/28/2013,107,83,95
8/29/2013,100,81,90.5
8/30/2013,101,81,91
8/31/2013,101,81,91
9/1/2013,105,84,94.5
9/2/2013,103,87,95
9/3/2013,109,85,97
9/4/2013,110,88,99
9/5/2013,111,88,99.5
9/6/2013,111,89,100
9/7/2013,94,83,88.5
9/8/2013,89,73,81
9/9/2013,84,73,78.5
9/10/2013,86,74,80
9/11/2013,94,74,84
9/12/2013,100,75,87.5
9/13/2013,101,80,90.5
9/14/2013,105,85,95
9/15/2013,105,82,93.5
9/16/2013,106,88,97
9/17/2013,108,88,98
9/18/2013,107,84,95.5
9/19/2013,103,78,90.5
9/20/2013,105,77,91
9/21/2013,103,81,92
9/22/2013,91,73,82
9/23/2013,94,67,80.5
9/24/2013,99,70,84.5
9/25/2013,97,72,84.5
9/26/2013,97,72,84.5
9/27/2013,87,69,78
9/28/2013,92,63,77.5
9/29/2013,94,67,80.5
9/30/2013,95,68,81.5
10/1/2013,96,68,82
10/2/2013,95,69,82
10/3/2013,94,69,81.5
10/4/2013,89,68,78.5
10/5/2013,86,66,76
10/6/2013,93,61,77
10/7/2013,97,66,81.5
10/8/2013,94,67,80.5
10/9/2013,88,68,78
10/10/2013,72,56,64
10/11/2013,79,57,68
10/12/2013,87,60,73.5
10/13/2013,86,62,74
10/14/2013,84,62,73
10/15/2013,84,60,72
10/16/2013,83,58,70.5
10/17/2013,83,58,70.5
10/18/2013,86,58,72
10/19/2013,88,58,73
10/20/2013,86,60,73
10/21/2013,88,59,73.5
10/22/2013,94,59,76.5
10/23/2013,95,64,79.5
10/24/2013,93,66,79.5
10/25/2013,89,62,75.5
10/26/2013,91,62,76.5
10/27/2013,91,64,77.5
10/28/2013,86,64,75
10/29/2013,74,61,67.5
10/30/2013,74,55,64.5
10/31/2013,76,53,64.5
11/1/2013,81,54,67.5
11/2/2013,90,54,72
11/3/2013,85,61,73
11/4/2013,80,57,68.5
11/5/2013,76,58,67
11/6/2013,79,55,67
11/7/2013,84,53,68.5
11/8/2013,85,55,70
11/9/2013,85,58,71.5
11/10/2013,83,58,70.5
11/11/2013,90,58,74
11/12/2013,92,60,76
11/13/2013,85,69,77
11/14/2013,82,63,72.5
11/15/2013,84,62,73
11/16/2013,73,62,67.5
11/17/2013,76,55,65.5
11/18/2013,81,57,69
11/19/2013,79,56,67.5
11/20/2013,75,62,68.5
11/21/2013,71,58,64.5
11/22/2013,60,53,56.5
11/23/2013,59,51,55
11/24/2013,61,50,55.5
11/25/2013,64,46,55
11/26/2013,71,47,59
11/27/2013,71,55,63
11/28/2013,74,50,62
11/29/2013,75,51,63
11/30/2013,71,50,60.5
12/1/2013,72,51,61.5
12/2/2013,70,48,59
12/3/2013,74,50,62
12/4/2013,63,49,56
12/5/2013,57,42,49.5
12/6/2013,57,36,46.5
12/7/2013,58,37,47.5
12/8/2013,59,47,53
12/9/2013,56,36,46
12/10/2013,63,38,50.5
12/11/2013,72,42,57
12/12/2013,74,55,64.5
12/13/2013,64,45,54.5
12/14/2013,69,41,55
12/15/2013,71,45,58
12/16/2013,74,46,60
12/17/2013,82,47,64.5
12/18/2013,77,52,64.5
12/19/2013,72,50,61
12/20/2013,58,51,54.5
12/21/2013,59,46,52.5
12/22/2013,62,42,52
12/23/2013,69,42,55.5
12/24/2013,71,44,57.5
12/25/2013,71,42,56.5
12/26/2013,71,49,60
12/27/2013,74,46,60
12/28/2013,67,46,56.5
12/29/2013,69,43,56
12/30/2013,69,43,56
12/31/2013,72,43,57.5
1/1/2014,70,43,56.5
1/2/2014,77,44,60.5
1/3/2014,74,48,61
1/4/2014,68,48,58
1/5/2014,67,42,54.5
1/6/2014,68,39,53.5
1/7/2014,69,42,55.5
1/8/2014,69,43,56
1/9/2014,68,45,56.5
1/10/2014,67,42,54.5
1/11/2014,71,43,57
1/12/2014,69,46,57.5
1/13/2014,71,41,56
1/14/2014,74,41,57.5
1/15/2014,77,44,60.5
1/16/2014,76,44,60
1/17/2014,79,44,61.5
1/18/2014,75,47,61
1/19/2014,76,47,61.5
1/20/2014,77,47,62
1/21/2014,81,46,63.5
1/22/2014,78,53,65.5
1/23/2014,76,47,61.5
1/24/2014,70,58,64
1/25/2014,75,58,66.5
1/26/2014,73,50,61.5
1/27/2014,75,56,65.5
1/28/2014,73,47,60
1/29/2014,75,47,61
1/30/2014,77,52,64.5
1/31/2014,70,55,62.5
2/1/2014,66,52,59
2/2/2014,65,42,53.5
2/3/2014,61,48,54.5
2/4/2014,64,41,52.5
2/5/2014,66,51,58.5
2/6/2014,62,47,54.5
2/7/2014,69,50,59.5
2/8/2014,72,50,61
2/9/2014,77,50,63.5
2/10/2014,78,52,65
2/11/2014,78,51,64.5
2/12/2014,79,50,64.5
2/13/2014,82,52,67
2/14/2014,85,54,69.5
2/15/2014,86,53,69.5
2/16/2014,84,56,70
2/17/2014,88,55,71.5
2/18/2014,86,57,71.5
2/19/2014,82,58,70
2/20/2014,77,52,64.5
2/21/2014,77,53,65
2/22/2014,79,50,64.5
2/23/2014,82,53,67.5
2/24/2014,83,53,68
2/25/2014,77,58,67.5
2/26/2014,81,55,68
2/27/2014,81,56,68.5
2/28/2014,84,58,71
3/1/2014,71,55,63
3/2/2014,68,53,60.5
3/3/2014,75,53,64
3/4/2014,76,58,67
3/5/2014,82,55,68.5
3/6/2014,79,58,68.5
3/7/2014,81,55,68
3/8/2014,80,54,67
3/9/2014,81,59,70
3/10/2014,81,56,68.5
3/11/2014,82,55,68.5
3/12/2014,83,54,68.5
3/13/2014,81,61,71
3/14/2014,80,62,71
3/15/2014,86,55,70.5
3/16/2014,82,56,69
3/17/2014,87,54,70.5
3/18/2014,81,61,71
3/19/2014,82,54,68
3/20/2014,83,55,69
3/21/2014,85,56,70.5
3/22/2014,82,56,69
3/23/2014,84,58,71
3/24/2014,89,59,74
3/25/2014,89,61,75
3/26/2014,80,61,70.5
3/27/2014,74,56,65
3/28/2014,79,55,67
3/29/2014,88,57,72.5
3/30/2014,83,62,72.5
3/31/2014,85,55,70
4/1/2014,79,57,68
4/2/2014,71,55,63
4/3/2014,73,50,61.5
4/4/2014,80,52,66
4/5/2014,78,58,68
4/6/2014,83,57,70
4/7/2014,89,58,73.5
4/8/2014,94,62,78
4/9/2014,95,65,80
4/10/2014,98,65,81.5
4/11/2014,96,68,82
4/12/2014,89,68,78.5
4/13/2014,88,61,74.5
4/14/2014,85,66,75.5
4/15/2014,90,60,75
4/16/2014,93,60,76.5
4/17/2014,94,64,79
4/18/2014,82,70,76
4/19/2014,89,63,76
4/20/2014,92,66,79
4/21/2014,98,68,83
4/22/2014,97,70,83.5
4/23/2014,86,70,78
4/24/2014,91,62,76.5
4/25/2014,94,64,79
4/26/2014,76,59,67.5
4/27/2014,80,57,68.5
4/28/2014,88,60,74
4/29/2014,86,68,77
4/30/2014,87,66,76.5
5/1/2014,91,70,80.5
5/2/2014,95,67,81
5/3/2014,102,68,85
5/4/2014,101,69,85
5/5/2014,98,70,84
5/6/2014,87,68,77.5
5/7/2014,77,59,68
5/8/2014,84,63,73.5
5/9/2014,88,63,75.5
5/10/2014,94,65,79.5
5/11/2014,82,70,76
5/12/2014,88,67,77.5
5/13/2014,89,69,79
5/14/2014,94,70,82
5/15/2014,99,69,84
5/16/2014,104,71,87.5
5/17/2014,104,74,89
5/18/2014,101,73,87
5/19/2014,100,73,86.5
5/20/2014,95,72,83.5
5/21/2014,91,67,79
5/22/2014,92,66,79
5/23/2014,90,69,79.5
5/24/2014,91,69,80
5/25/2014,96,77,86.5
5/26/2014,104,76,90
5/27/2014,107,78,92.5
5/28/2014,104,79,91.5
5/29/2014,99,84,91.5
5/30/2014,106,79,92.5
5/31/2014,108,80,94
6/1/2014,106,78,92
6/2/2014,110,77,93.5
6/3/2014,108,81,94.5
6/4/2014,107,76,91.5
6/5/2014,107,76,91.5
6/6/2014,107,75,91
6/7/2014,105,76,90.5
6/8/2014,105,79,92
6/9/2014,110,79,94.5
6/10/2014,109,83,96
6/11/2014,106,85,95.5
6/12/2014,107,80,93.5
6/13/2014,108,85,96.5
6/14/2014,103,83,93
6/15/2014,101,75,88
6/16/2014,105,75,90
6/17/2014,104,83,93.5
6/18/2014,100,79,89.5
6/19/2014,103,76,89.5
6/20/2014,109,79,94
6/21/2014,108,83,95.5
6/22/2014,107,83,95
6/23/2014,107,78,92.5
6/24/2014,105,80,92.5
6/25/2014,107,81,94
6/26/2014,105,80,92.5
6/27/2014,103,84,93.5
6/28/2014,107,82,94.5
6/29/2014,109,86,97.5
6/30/2014,109,87,98
7/1/2014,109,86,97.5
7/2/2014,109,86,97.5
7/3/2014,108,79,93.5
7/4/2014,98,81,89.5
7/5/2014,103,84,93.5
7/6/2014,105,84,94.5
7/7/2014,108,88,98
7/8/2014,105,86,95.5
7/9/2014,101,83,92
7/10/2014,105,87,96
7/11/2014,107,88,97.5
7/12/2014,110,88,99
7/13/2014,110,80,95
7/14/2014,103,81,92
7/15/2014,103,86,94.5
7/16/2014,107,84,95.5
7/17/2014,105,86,95.5
7/18/2014,105,83,94
7/19/2014,104,88,96
7/20/2014,106,85,95.5
7/21/2014,107,85,96
7/22/2014,113,89,101
7/23/2014,114,94,104
7/24/2014,116,93,104.5
7/25/2014,109,87,98
7/26/2014,108,83,95.5
7/27/2014,104,83,93.5
7/28/2014,107,85,96
7/29/2014,110,92,101
7/30/2014,111,92,101.5
7/31/2014,109,87,98
8/1/2014,99,81,90
8/2/2014,102,78,90
8/3/2014,103,80,91.5
8/4/2014,105,79,92
8/5/2014,105,83,94
8/6/2014,108,84,96
8/7/2014,105,82,93.5
8/8/2014,105,85,95
8/9/2014,104,84,94
8/10/2014,104,84,94
8/11/2014,109,87,98
8/12/2014,98,77,87.5
8/13/2014,95,73,84
8/14/2014,102,83,92.5
8/15/2014,104,83,93.5
8/16/2014,106,87,96.5
8/17/2014,109,88,98.5
8/18/2014,98,83,90.5
8/19/2014,91,74,82.5
8/20/2014,98,75,86.5
8/21/2014,90,71,80.5
8/22/2014,93,72,82.5
8/23/2014,97,76,86.5
8/24/2014,103,79,91
8/25/2014,101,83,92
8/26/2014,100,80,90
8/27/2014,103,83,93
8/28/2014,106,83,94.5
8/29/2014,108,83,95.5
8/30/2014,111,83,97
8/31/2014,109,83,96
9/1/2014,108,81,94.5
9/2/2014,109,82,95.5
9/3/2014,108,84,96
9/4/2014,107,83,95
9/5/2014,101,80,90.5
9/6/2014,105,86,95.5
9/7/2014,104,84,94
9/8/2014,90,71,80.5
9/9/2014,92,79,85.5
9/10/2014,97,79,88
9/11/2014,100,79,89.5
9/12/2014,104,78,91
9/13/2014,100,83,91.5
9/14/2014,102,81,91.5
9/15/2014,105,87,96
9/16/2014,92,80,86
9/17/2014,89,78,83.5
9/18/2014,96,76,86
9/19/2014,98,82,90
9/20/2014,99,81,90
9/21/2014,99,80,89.5
9/22/2014,101,80,90.5
9/23/2014,102,77,89.5
9/24/2014,104,77,90.5
9/25/2014,103,81,92
9/26/2014,101,82,91.5
9/27/2014,95,69,82
9/28/2014,87,71,79
9/29/2014,89,67,78
9/30/2014,89,66,77.5
10/1/2014,91,67,79
10/2/2014,92,69,80.5
10/3/2014,99,67,83
10/4/2014,99,69,84
10/5/2014,96,69,82.5
10/6/2014,93,70,81.5
10/7/2014,90,72,81
10/8/2014,82,69,75.5
10/9/2014,84,70,77
10/10/2014,89,69,79
10/11/2014,92,70,81
10/12/2014,94,70,82
10/13/2014,90,65,77.5
10/14/2014,94,65,79.5
10/15/2014,90,69,79.5
10/16/2014,92,67,79.5
10/17/2014,89,71,80
10/18/2014,90,68,79
10/19/2014,94,69,81.5
10/20/2014,90,66,78
10/21/2014,91,69,80
10/22/2014,93,67,80
10/23/2014,94,67,80.5
10/24/2014,96,68,82
10/25/2014,96,70,83
10/26/2014,89,71,80
10/27/2014,88,71,79.5
10/28/2014,88,65,76.5
10/29/2014,91,64,77.5
10/30/2014,94,64,79
10/31/2014,95,67,81
11/1/2014,83,69,76
11/2/2014,73,60,66.5
11/3/2014,75,53,64
11/4/2014,81,53,67
11/5/2014,85,60,72.5
11/6/2014,86,60,73
11/7/2014,84,59,71.5
11/8/2014,90,58,74
11/9/2014,87,61,74
11/10/2014,84,59,71.5
11/11/2014,84,58,71
11/12/2014,80,60,70
11/13/2014,80,61,70.5
11/14/2014,73,61,67
11/15/2014,77,57,67
11/16/2014,71,53,62
11/17/2014,71,47,59
11/18/2014,74,47,60.5
11/19/2014,74,50,62
11/20/2014,74,48,61
11/21/2014,72,53,62.5
11/22/2014,72,46,59
11/23/2014,74,48,61
11/24/2014,71,42,56.5
11/25/2014,69,46,57.5
11/26/2014,74,44,59
11/27/2014,87,47,67
11/28/2014,84,52,68
11/29/2014,80,51,65.5
11/30/2014,80,53,66.5
12/1/2014,73,51,62
12/2/2014,70,54,62
12/3/2014,76,60,68
12/4/2014,68,60,64
12/5/2014,72,57,64.5
12/6/2014,71,57,64
12/7/2014,77,51,64
12/8/2014,76,55,65.5
12/9/2014,78,54,66
12/10/2014,77,54,65.5
12/11/2014,76,56,66
12/12/2014,78,57,67.5
12/13/2014,66,51,58.5
12/14/2014,63,46,54.5
12/15/2014,64,46,55
12/16/2014,65,49,57
12/17/2014,61,51,56
12/18/2014,62,50,56
12/19/2014,64,45,54.5
12/20/2014,66,45,55.5
12/21/2014,65,47,56
12/22/2014,66,47,56.5
12/23/2014,68,47,57.5
12/24/2014,66,43,54.5
12/25/2014,64,45,54.5
12/26/2014,57,38,47.5
12/27/2014,60,35,47.5
12/28/2014,60,36,48
12/29/2014,61,36,48.5
12/30/2014,63,37,50
12/31/2014,50,36,43
1/1/2015,46,35,40.5
1/2/2015,54,31,42.5
1/3/2015,54,34,44
1/4/2015,65,35,50
1/5/2015,74,40,57
1/6/2015,79,44,61.5
1/7/2015,81,47,64
1/8/2015,71,54,62.5
1/9/2015,75,51,63
1/10/2015,65,54,59.5
1/11/2015,72,54,63
1/12/2015,67,56,61.5
1/13/2015,63,51,57
1/14/2015,67,46,56.5
1/15/2015,72,47,59.5
1/16/2015,74,49,61.5
1/17/2015,73,47,60
1/18/2015,75,48,61.5
1/19/2015,75,50,62.5
1/20/2015,75,48,61.5
1/21/2015,74,53,63.5
1/22/2015,65,48,56.5
1/23/2015,64,43,53.5
1/24/2015,77,50,63.5
1/25/2015,78,48,63
1/26/2015,71,53,62
1/27/2015,74,53,63.5
1/28/2015,75,52,63.5
1/29/2015,71,58,64.5
1/30/2015,60,55,57.5
1/31/2015,60,53,56.5
2/1/2015,69,50,59.5
2/2/2015,73,48,60.5
2/3/2015,76,50,63
2/4/2015,77,52,64.5
2/5/2015,82,52,67
2/6/2015,84,54,69
2/7/2015,81,53,67
2/8/2015,82,55,68.5
2/9/2015,83,55,69
2/10/2015,83,57,70
2/11/2015,81,54,67.5
2/12/2015,78,58,68
2/13/2015,80,55,67.5
2/14/2015,83,54,68.5
2/15/2015,79,63,71
2/16/2015,79,55,67
2/17/2015,77,55,66
2/18/2015,79,50,64.5
2/19/2015,80,52,66
2/20/2015,79,55,67
2/21/2015,79,54,66.5
2/22/2015,72,56,64
2/23/2015,70,59,64.5
2/24/2015,67,51,59
2/25/2015,72,47,59.5
2/26/2015,77,51,64
2/27/2015,78,50,64
2/28/2015,70,60,65
3/1/2015,77,61,69
3/2/2015,66,52,59
3/3/2015,65,47,56
3/4/2015,70,47,58.5
3/5/2015,75,46,60.5
3/6/2015,83,51,67
3/7/2015,83,55,69
3/8/2015,83,55,69
3/9/2015,84,56,70
3/10/2015,87,58,72.5
3/11/2015,87,59,73
3/12/2015,86,68,77
3/13/2015,88,60,74
3/14/2015,88,63,75.5
3/15/2015,89,63,76
3/16/2015,90,65,77.5
3/17/2015,91,64,77.5
3/18/2015,81,62,71.5
3/19/2015,70,60,65
3/20/2015,81,61,71
3/21/2015,85,60,72.5
3/22/2015,89,60,74.5
3/23/2015,88,61,74.5
3/24/2015,86,59,72.5
3/25/2015,88,62,75
3/26/2015,89,64,76.5
3/27/2015,95,63,79
3/28/2015,95,64,79.5
3/29/2015,97,65,81
3/30/2015,96,70,83
3/31/2015,95,68,81.5
4/1/2015,91,67,79
4/2/2015,87,64,75.5
4/3/2015,86,60,73
4/4/2015,89,62,75.5
4/5/2015,89,61,75
4/6/2015,86,61,73.5
4/7/2015,84,58,71
4/8/2015,78,61,69.5
4/9/2015,83,54,68.5
4/10/2015,87,57,72
4/11/2015,86,60,73
4/12/2015,86,65,75.5
4/13/2015,90,63,76.5
4/14/2015,94,67,80.5
4/15/2015,84,65,74.5
4/16/2015,75,56,65.5
4/17/2015,82,55,68.5
4/18/2015,90,59,74.5
4/19/2015,92,62,77
4/20/2015,93,65,79
4/21/2015,91,65,78
4/22/2015,89,65,77
4/23/2015,83,62,72.5
4/24/2015,78,62,70
4/25/2015,81,56,68.5
4/26/2015,75,54,64.5
4/27/2015,87,57,72
4/28/2015,93,68,80.5
4/29/2015,96,71,83.5
4/30/2015,99,70,84.5
5/1/2015,101,70,85.5
5/2/2015,98,72,85
5/3/2015,96,75,85.5
5/4/2015,85,65,75
5/5/2015,86,67,76.5
5/6/2015,90,69,79.5
5/7/2015,86,65,75.5
5/8/2015,75,61,68
5/9/2015,77,57,67
5/10/2015,89,61,75
5/11/2015,96,67,81.5
5/12/2015,91,70,80.5
5/13/2015,91,69,80
5/14/2015,87,70,78.5
5/15/2015,76,57,66.5
5/16/2015,75,57,66
5/17/2015,86,64,75
5/18/2015,90,65,77.5
5/19/2015,87,65,76
5/20/2015,93,67,80
5/21/2015,91,72,81.5
5/22/2015,82,66,74
5/23/2015,83,64,73.5
5/24/2015,85,66,75.5
5/25/2015,92,67,79.5
5/26/2015,96,71,83.5
5/27/2015,97,73,85
5/28/2015,98,71,84.5
5/29/2015,103,73,88
5/30/2015,105,74,89.5
5/31/2015,107,78,92.5
6/1/2015,105,78,91.5
6/2/2015,104,76,90
6/3/2015,102,74,88
6/4/2015,97,73,85
6/5/2015,90,72,81
6/6/2015,97,73,85
6/7/2015,100,71,85.5
6/8/2015,105,78,91.5
6/9/2015,95,83,89
6/10/2015,95,80,87.5
6/11/2015,100,82,91
6/12/2015,104,78,91
6/13/2015,105,80,92.5
6/14/2015,107,83,95
6/15/2015,112,86,99
6/16/2015,112,85,98.5
6/17/2015,114,86,100
6/18/2015,115,86,100.5
6/19/2015,114,85,99.5
6/20/2015,112,80,96
6/21/2015,109,88,98.5
6/22/2015,109,85,97
6/23/2015,111,87,99
6/24/2015,112,87,99.5
6/25/2015,110,90,100
6/26/2015,107,89,98
6/27/2015,108,90,99
6/28/2015,110,87,98.5
6/29/2015,110,86,98
6/30/2015,107,85,96
7/1/2015,106,84,95
7/2/2015,106,88,97
7/3/2015,100,82,91
7/4/2015,106,85,95.5
7/5/2015,102,84,93
7/6/2015,104,78,91
7/7/2015,108,85,96.5
7/8/2015,109,87,98
7/9/2015,102,83,92.5
7/10/2015,104,78,91
7/11/2015,106,85,95.5
7/12/2015,106,84,95
7/13/2015,108,88,98
7/14/2015,109,88,98.5
7/15/2015,106,87,96.5
7/16/2015,107,87,97
7/17/2015,104,80,92
7/18/2015,100,76,88
7/19/2015,97,77,87
7/20/2015,102,84,93
7/21/2015,106,85,95.5
7/22/2015,107,86,96.5
7/23/2015,105,84,94.5
7/24/2015,104,87,95.5
7/25/2015,109,88,98.5
7/26/2015,108,86,97
7/27/2015,106,86,96
7/28/2015,106,88,97
7/29/2015,100,87,93.5
7/30/2015,106,85,95.5
7/31/2015,110,78,94
8/1/2015,103,80,91.5
8/2/2015,108,86,97
8/3/2015,110,87,98.5
8/4/2015,111,88,99.5
8/5/2015,112,89,100.5
8/6/2015,106,92,99
8/7/2015,107,79,93
8/8/2015,102,80,91
8/9/2015,107,86,96.5
8/10/2015,105,87,96
8/11/2015,97,76,86.5
8/12/2015,108,80,94
8/13/2015,114,89,101.5
8/14/2015,117,93,105
8/15/2015,115,93,104
8/16/2015,112,93,102.5
8/17/2015,108,91,99.5
8/18/2015,107,88,97.5
8/19/2015,107,86,96.5
8/20/2015,107,88,97.5
8/21/2015,107,89,98
8/22/2015,105,88,96.5
8/23/2015,107,87,97
8/24/2015,108,88,98
8/25/2015,100,84,92
8/26/2015,106,84,95
8/27/2015,108,82,95
8/28/2015,109,81,95
8/29/2015,111,80,95.5
8/30/2015,108,83,95.5
8/31/2015,106,77,91.5
9/1/2015,99,79,89
9/2/2015,101,84,92.5
9/3/2015,100,77,88.5
9/4/2015,98,76,87
9/5/2015,95,81,88
9/6/2015,104,83,93.5
9/7/2015,98,85,91.5
9/8/2015,105,85,95
9/9/2015,96,84,90
9/10/2015,93,81,87
9/11/2015,102,78,90
9/12/2015,107,83,95
9/13/2015,103,78,90.5
9/14/2015,98,76,87
9/15/2015,97,79,88
9/16/2015,98,78,88
9/17/2015,98,76,87
9/18/2015,101,77,89
9/19/2015,103,79,91
9/20/2015,103,82,92.5
9/21/2015,92,76,84
9/22/2015,93,74,83.5
9/23/2015,97,72,84.5
9/24/2015,104,77,90.5
9/25/2015,103,82,92.5
9/26/2015,105,82,93.5
9/27/2015,104,81,92.5
9/28/2015,104,80,92
9/29/2015,103,79,91
9/30/2015,106,78,92
10/1/2015,106,77,91.5
10/2/2015,98,75,86.5
10/3/2015,95,70,82.5
10/4/2015,95,70,82.5
10/5/2015,89,68,78.5
10/6/2015,80,65,72.5
10/7/2015,83,64,73.5
10/8/2015,92,66,79
10/9/2015,95,74,84.5
10/10/2015,95,73,84
10/11/2015,98,74,86
10/12/2015,97,75,86
10/13/2015,98,75,86.5
10/14/2015,100,76,88
10/15/2015,96,76,86
10/16/2015,97,74,85.5
10/17/2015,89,72,80.5
10/18/2015,92,71,81.5
10/19/2015,86,68,77
10/20/2015,81,67,74
10/21/2015,77,64,70.5
10/22/2015,79,61,70
10/23/2015,84,63,73.5
10/24/2015,90,64,77
10/25/2015,88,69,78.5
10/26/2015,91,67,79
10/27/2015,89,65,77
10/28/2015,87,68,77.5
10/29/2015,81,65,73
10/30/2015,79,60,69.5
10/31/2015,83,57,70
11/1/2015,85,59,72
11/2/2015,88,61,74.5
11/3/2015,83,63,73
11/4/2015,69,54,61.5
11/5/2015,66,50,58
11/6/2015,74,48,61
11/7/2015,80,50,65
11/8/2015,83,56,69.5
11/9/2015,81,56,68.5
11/10/2015,71,55,63
11/11/2015,69,48,58.5
11/12/2015,77,46,61.5
11/13/2015,80,50,65
11/14/2015,78,52,65
11/15/2015,66,57,61.5
11/16/2015,60,51,55.5
11/17/2015,63,45,54
11/18/2015,66,45,55.5
11/19/2015,76,46,61
11/20/2015,79,50,64.5
11/21/2015,82,50,66
11/22/2015,80,55,67.5
11/23/2015,81,54,67.5
11/24/2015,79,53,66
11/25/2015,72,57,64.5
11/26/2015,64,50,57
11/27/2015,63,42,52.5
11/28/2015,63,42,52.5
11/29/2015,62,41,51.5
11/30/2015,61,39,50
12/1/2015,65,38,51.5
12/2/2015,71,38,54.5
12/3/2015,77,42,59.5
12/4/2015,73,47,60
12/5/2015,75,46,60.5
12/6/2015,79,44,61.5
12/7/2015,79,50,64.5
12/8/2015,75,48,61.5
12/9/2015,73,49,61
12/10/2015,78,50,64
12/11/2015,67,54,60.5
12/12/2015,62,46,54
12/13/2015,61,40,50.5
12/14/2015,55,43,49
12/15/2015,55,37,46
12/16/2015,56,35,45.5
12/17/2015,58,36,47
12/18/2015,71,38,54.5
12/19/2015,66,47,56.5
12/20/2015,65,44,54.5
12/21/2015,62,43,52.5
12/22/2015,57,45,51
12/23/2015,67,53,60
12/24/2015,67,52,59.5
12/25/2015,61,43,52
12/26/2015,56,37,46.5
12/27/2015,59,35,47
12/28/2015,59,38,48.5
12/29/2015,56,42,49
12/30/2015,60,37,48.5
12/31/2015,62,35,48.5
1/1/2016,67,36,51.5
1/2/2016,70,47,58.5
1/3/2016,72,53,62.5
1/4/2016,62,53,57.5
1/5/2016,57,52,54.5
1/6/2016,60,50,55
1/7/2016,54,47,50.5
1/8/2016,56,45,50.5
1/9/2016,59,41,50
1/10/2016,56,44,50
1/11/2016,61,40,50.5
1/12/2016,66,38,52
1/13/2016,66,40,53
1/14/2016,64,41,52.5
1/15/2016,60,43,51.5
1/16/2016,62,40,51
1/17/2016,68,44,56
1/18/2016,68,45,56.5
1/19/2016,69,43,56
1/20/2016,72,47,59.5
1/21/2016,71,43,57
1/22/2016,76,45,60.5
1/23/2016,73,51,62
1/24/2016,67,45,56
1/25/2016,67,48,57.5
1/26/2016,71,42,56.5
1/27/2016,70,43,56.5
1/28/2016,72,46,59
1/29/2016,72,45,58.5
1/30/2016,74,47,60.5
1/31/2016,76,49,62.5
2/1/2016,55,45,50
2/2/2016,55,37,46
2/3/2016,57,34,45.5
2/4/2016,64,38,51
2/5/2016,69,39,54
2/6/2016,74,43,58.5
2/7/2016,79,47,63
2/8/2016,85,50,67.5
2/9/2016,86,59,72.5
2/10/2016,86,54,70
2/11/2016,85,55,70
2/12/2016,87,55,71
2/13/2016,87,53,70
2/14/2016,82,52,67
2/15/2016,85,52,68.5
2/16/2016,87,55,71
2/17/2016,90,57,73.5
2/18/2016,82,57,69.5
2/19/2016,81,59,70
2/20/2016,86,54,70
2/21/2016,86,54,70
2/22/2016,85,53,69
2/23/2016,74,57,65.5
2/24/2016,77,53,65
2/25/2016,84,52,68
2/26/2016,88,57,72.5
2/27/2016,87,58,72.5
2/28/2016,86,57,71.5
2/29/2016,88,59,73.5
3/1/2016,89,59,74
3/2/2016,90,58,74
3/3/2016,91,59,75
3/4/2016,88,60,74
3/5/2016,80,57,68.5
3/6/2016,80,63,71.5
3/7/2016,71,52,61.5
3/8/2016,73,52,62.5
3/9/2016,80,52,66
3/10/2016,85,54,69.5
3/11/2016,85,58,71.5
3/12/2016,72,53,62.5
3/13/2016,78,52,65
3/14/2016,79,54,66.5
3/15/2016,85,56,70.5
3/16/2016,87,56,71.5
3/17/2016,88,57,72.5
3/18/2016,89,56,72.5
3/19/2016,90,60,75
3/20/2016,91,61,76
3/21/2016,92,63,77.5
3/22/2016,81,64,72.5
3/23/2016,75,59,67
3/24/2016,80,52,66
3/25/2016,85,54,69.5
3/26/2016,86,57,71.5
3/27/2016,87,58,72.5
3/28/2016,84,61,72.5
3/29/2016,70,56,63
3/30/2016,69,52,60.5
3/31/2016,73,50,61.5
4/1/2016,79,52,65.5
4/2/2016,83,57,70
4/3/2016,89,59,74
4/4/2016,92,59,75.5
4/5/2016,92,61,76.5
4/6/2016,97,65,81
4/7/2016,90,67,78.5
4/8/2016,82,62,72
4/9/2016,83,63,73
4/10/2016,73,56,64.5
4/11/2016,77,55,66
4/12/2016,82,59,70.5
4/13/2016,86,62,74
4/14/2016,89,64,76.5
4/15/2016,83,64,73.5
4/16/2016,81,57,69
4/17/2016,82,63,72.5
4/18/2016,86,60,73
4/19/2016,90,63,76.5
4/20/2016,94,64,79
4/21/2016,97,65,81
4/22/2016,97,69,83
4/23/2016,88,68,78
4/24/2016,88,60,74
4/25/2016,81,67,74
4/26/2016,77,57,67
4/27/2016,83,60,71.5
4/28/2016,76,64,70
4/29/2016,82,64,73
4/30/2016,82,62,72
5/1/2016,79,59,69
5/2/2016,88,61,74.5
5/3/2016,94,64,79
5/4/2016,102,69,85.5
5/5/2016,97,72,84.5
5/6/2016,80,62,71
5/7/2016,77,58,67.5
5/8/2016,81,61,71
5/9/2016,86,62,74
5/10/2016,91,67,79
5/11/2016,95,70,82.5
5/12/2016,101,70,85.5
5/13/2016,102,72,87
5/14/2016,101,75,88
5/15/2016,95,74,84.5
5/16/2016,92,70,81
5/17/2016,91,70,80.5
5/18/2016,87,71,79
5/19/2016,94,70,82
5/20/2016,99,72,85.5
5/21/2016,94,73,83.5
5/22/2016,89,68,78.5
5/23/2016,89,66,77.5
5/24/2016,90,68,79
5/25/2016,91,66,78.5
5/26/2016,85,65,75
5/27/2016,93,67,80
5/28/2016,97,69,83
5/29/2016,98,72,85
5/30/2016,95,70,82.5
5/31/2016,98,70,84
6/1/2016,101,78,89.5
6/2/2016,108,77,92.5
6/3/2016,113,79,96
6/4/2016,115,82,98.5
6/5/2016,113,82,97.5
6/6/2016,111,82,96.5
6/7/2016,107,80,93.5
6/8/2016,108,82,95
6/9/2016,105,83,94
6/10/2016,99,83,91
6/11/2016,104,79,91.5
6/12/2016,103,75,89
6/13/2016,100,79,89.5
6/14/2016,99,75,87
6/15/2016,101,74,87.5
6/16/2016,101,76,88.5
6/17/2016,106,76,91
6/18/2016,111,76,93.5
6/19/2016,118,84,101
6/20/2016,116,90,103
6/21/2016,111,89,100
6/22/2016,112,88,100
6/23/2016,112,89,100.5
6/24/2016,109,87,98
6/25/2016,108,85,96.5
6/26/2016,106,90,98
6/27/2016,110,90,100
6/28/2016,113,89,101
6/29/2016,106,84,95
6/30/2016,97,81,89
7/1/2016,98,78,88
7/2/2016,104,82,93
7/3/2016,107,86,96.5
7/4/2016,110,87,98.5
7/5/2016,111,86,98.5
7/6/2016,107,85,96
7/7/2016,106,85,95.5
7/8/2016,109,84,96.5
7/9/2016,111,87,99
7/10/2016,111,87,99
7/11/2016,110,86,98
7/12/2016,110,81,95.5
7/13/2016,109,85,97
7/14/2016,111,89,100
7/15/2016,111,88,99.5
7/16/2016,108,90,99
7/17/2016,105,90,97.5
7/18/2016,106,81,93.5
7/19/2016,107,84,95.5
7/20/2016,108,85,96.5
7/21/2016,112,88,100
7/22/2016,112,91,101.5
7/23/2016,111,90,100.5
7/24/2016,107,90,98.5
7/25/2016,107,88,97.5
7/26/2016,111,91,101
7/27/2016,112,91,101.5
7/28/2016,110,89,99.5
7/29/2016,112,77,94.5
7/30/2016,101,80,90.5
7/31/2016,102,85,93.5
8/1/2016,100,80,90
8/2/2016,100,77,88.5
8/3/2016,98,81,89.5
8/4/2016,100,83,91.5
8/5/2016,98,76,87
8/6/2016,106,84,95
8/7/2016,109,86,97.5
8/8/2016,110,88,99
8/9/2016,97,77,87
8/10/2016,101,82,91.5
8/11/2016,98,78,88
8/12/2016,105,82,93.5
8/13/2016,108,84,96
8/14/2016,106,86,96
8/15/2016,110,86,98
8/16/2016,111,87,99
8/17/2016,109,84,96.5
8/18/2016,104,82,93
8/19/2016,104,79,91.5
8/20/2016,100,80,90
8/21/2016,101,76,88.5
8/22/2016,100,79,89.5
8/23/2016,96,74,85
8/24/2016,103,77,90
8/25/2016,103,77,90
8/26/2016,98,80,89
8/27/2016,97,80,88.5
8/28/2016,99,77,88
8/29/2016,105,79,92
8/30/2016,107,84,95.5
8/31/2016,106,82,94
9/1/2016,104,87,95.5
9/2/2016,105,84,94.5
9/3/2016,106,83,94.5
9/4/2016,101,76,88.5
9/5/2016,103,75,89
9/6/2016,101,78,89.5
9/7/2016,88,77,82.5
9/8/2016,96,74,85
9/9/2016,103,80,91.5
9/10/2016,104,82,93
9/11/2016,105,80,92.5
9/12/2016,101,83,92
9/13/2016,98,78,88
9/14/2016,98,76,87
9/15/2016,97,72,84.5
9/16/2016,97,70,83.5
9/17/2016,100,73,86.5
9/18/2016,105,72,88.5
9/19/2016,100,76,88
9/20/2016,89,81,85
9/21/2016,100,76,88
9/22/2016,87,73,80
9/23/2016,88,71,79.5
9/24/2016,90,62,76
9/25/2016,95,67,81
9/26/2016,91,75,83
9/27/2016,88,71,79.5
9/28/2016,96,70,83
9/29/2016,93,75,84
9/30/2016,96,73,84.5
10/1/2016,97,73,85
10/2/2016,86,70,78
10/3/2016,86,67,76.5
10/4/2016,85,59,72
10/5/2016,90,63,76.5
10/6/2016,90,67,78.5
10/7/2016,97,65,81
10/8/2016,97,75,86
10/9/2016,97,75,86
10/10/2016,96,73,84.5
10/11/2016,97,70,83.5
10/12/2016,92,67,79.5
10/13/2016,95,67,81
10/14/2016,96,67,81.5
10/15/2016,94,67,80.5
10/16/2016,92,66,79
10/17/2016,91,66,78.5
10/18/2016,90,66,78
10/19/2016,93,65,79
10/20/2016,97,63,80
10/21/2016,97,73,85
10/22/2016,97,71,84
10/23/2016,96,69,82.5
10/24/2016,90,72,81
10/25/2016,92,69,80.5
10/26/2016,96,69,82.5
10/27/2016,100,70,85
10/28/2016,93,76,84.5
10/29/2016,96,68,82
10/30/2016,93,70,81.5
10/31/2016,86,68,77
11/1/2016,82,66,74
11/2/2016,83,60,71.5
11/3/2016,84,62,73
11/4/2016,79,60,69.5
11/5/2016,82,61,71.5
11/6/2016,84,61,72.5
11/7/2016,86,61,73.5
11/8/2016,90,64,77
11/9/2016,85,68,76.5
11/10/2016,82,64,73
11/11/2016,83,62,72.5
11/12/2016,84,62,73
11/13/2016,85,58,71.5
11/14/2016,87,57,72
11/15/2016,86,59,72.5
11/16/2016,79,59,69
11/17/2016,72,56,64
11/18/2016,77,47,62
11/19/2016,83,54,68.5
11/20/2016,74,59,66.5
11/21/2016,71,56,63.5
11/22/2016,71,51,61
11/23/2016,74,51,62.5
11/24/2016,77,49,63
11/25/2016,81,48,64.5
11/26/2016,70,60,65
11/27/2016,66,49,57.5
11/28/2016,57,47,52
11/29/2016,62,44,53
11/30/2016,62,41,51.5
12/1/2016,62,43,52.5
12/2/2016,61,44,52.5
12/3/2016,70,43,56.5
12/4/2016,70,41,55.5
12/5/2016,69,44,56.5
12/6/2016,65,46,55.5
12/7/2016,67,47,57
12/8/2016,68,45,56.5
12/9/2016,72,47,59.5
12/10/2016,72,47,59.5
12/11/2016,73,50,61.5
12/12/2016,74,51,62.5
12/13/2016,75,54,64.5
12/14/2016,76,51,63.5
12/15/2016,75,53,64
12/16/2016,74,57,65.5
12/17/2016,67,44,55.5
12/18/2016,62,38,50
12/19/2016,70,42,56
12/20/2016,73,50,61.5
12/21/2016,70,59,64.5
12/22/2016,66,56,61
12/23/2016,62,53,57.5
12/24/2016,63,45,54
12/25/2016,55,40,47.5
12/26/2016,62,38,50
12/27/2016,70,42,56
12/28/2016,64,46,55
12/29/2016,77,49,63
12/30/2016,72,51,61.5
12/31/2016,63,54,58.5
1/1/2017,57,52,54.5
1/2/2017,58,47,52.5
1/3/2017,61,45,53
1/4/2017,67,46,56.5
1/5/2017,68,47,57.5
1/6/2017,66,49,57.5
1/7/2017,66,43,54.5
1/8/2017,74,50,62
1/9/2017,67,52,59.5
1/10/2017,70,49,59.5
1/11/2017,66,50,58
1/12/2017,69,46,57.5
1/13/2017,66,55,60.5
1/14/2017,65,54,59.5
1/15/2017,60,50,55
1/16/2017,64,50,57
1/17/2017,63,45,54
1/18/2017,67,45,56
1/19/2017,57,47,52
1/20/2017,53,48,50.5
1/21/2017,60,46,53
1/22/2017,61,44,52.5
1/23/2017,63,49,56
1/24/2017,58,42,50
1/25/2017,57,38,47.5
1/26/2017,58,37,47.5
1/27/2017,59,37,48
1/28/2017,64,35,49.5
1/29/2017,72,40,56
1/30/2017,76,44,60
1/31/2017,74,47,60.5
2/1/2017,75,46,60.5
2/2/2017,73,49,61
2/3/2017,72,50,61
2/4/2017,75,47,61
2/5/2017,76,46,61
2/6/2017,67,53,60
2/7/2017,73,51,62
2/8/2017,77,52,64.5
2/9/2017,82,54,68
2/10/2017,83,54,68.5
2/11/2017,79,59,69
2/12/2017,74,60,67
2/13/2017,74,59,66.5
2/14/2017,74,57,65.5
2/15/2017,75,59,67
2/16/2017,75,52,63.5
2/17/2017,75,57,66
2/18/2017,67,50,58.5
2/19/2017,60,50,55
2/20/2017,69,50,59.5
2/21/2017,76,52,64
2/22/2017,77,54,65.5
2/23/2017,63,47,55
2/24/2017,64,43,53.5
2/25/2017,67,42,54.5
2/26/2017,70,52,61
2/27/2017,65,48,56.5
2/28/2017,65,52,58.5
3/1/2017,70,45,57.5
3/2/2017,77,47,62
3/3/2017,77,53,65
3/4/2017,79,53,66
3/5/2017,75,58,66.5
3/6/2017,68,52,60
3/7/2017,75,47,61
3/8/2017,83,51,67
3/9/2017,86,55,70.5
3/10/2017,88,57,72.5
3/11/2017,89,60,74.5
3/12/2017,88,58,73
3/13/2017,92,61,76.5
3/14/2017,93,63,78
3/15/2017,91,64,77.5
3/16/2017,93,62,77.5
3/17/2017,93,64,78.5
3/18/2017,95,64,79.5
3/19/2017,96,64,80
3/20/2017,96,67,81.5
3/21/2017,93,66,79.5
3/22/2017,82,63,72.5
3/23/2017,72,54,63
3/24/2017,78,52,65
3/25/2017,83,57,70
3/26/2017,82,56,69
3/27/2017,83,59,71
3/28/2017,79,57,68
3/29/2017,85,57,71
3/30/2017,90,58,74
3/31/2017,70,56,63
4/1/2017,73,52,62.5
4/2/2017,82,53,67.5
4/3/2017,85,59,72
4/4/2017,79,57,68
4/5/2017,85,57,71
4/6/2017,91,60,75.5
4/7/2017,90,63,76.5
4/8/2017,89,61,75
4/9/2017,80,61,70.5
4/10/2017,85,56,70.5
4/11/2017,89,58,73.5
4/12/2017,92,61,76.5
4/13/2017,94,65,79.5
4/14/2017,90,62,76
4/15/2017,88,61,74.5
4/16/2017,91,62,76.5
4/17/2017,93,62,77.5
4/18/2017,95,65,80
4/19/2017,90,70,80
4/20/2017,93,64,78.5
4/21/2017,95,62,78.5
4/22/2017,96,65,80.5
4/23/2017,99,68,83.5
4/24/2017,93,69,81
4/25/2017,87,69,78
4/26/2017,90,64,77
4/27/2017,90,68,79
4/28/2017,87,67,77
4/29/2017,81,58,69.5
4/30/2017,87,58,72.5
5/1/2017,94,62,78
5/2/2017,97,67,82
5/3/2017,100,69,84.5
5/4/2017,103,73,88
5/5/2017,108,76,92
5/6/2017,98,73,85.5
5/7/2017,74,64,69
5/8/2017,83,60,71.5
5/9/2017,76,57,66.5
5/10/2017,80,60,70
5/11/2017,90,64,77
5/12/2017,97,71,84
5/13/2017,99,71,85
5/14/2017,93,70,81.5
5/15/2017,88,69,78.5
5/16/2017,78,61,69.5
5/17/2017,87,62,74.5
5/18/2017,86,67,76.5
5/19/2017,87,62,74.5
5/20/2017,94,68,81
5/21/2017,101,70,85.5
5/22/2017,104,73,88.5
5/23/2017,104,77,90.5
5/24/2017,108,75,91.5
5/25/2017,102,79,90.5
5/26/2017,96,74,85
5/27/2017,96,70,83
5/28/2017,102,72,87
5/29/2017,104,73,88.5
5/30/2017,101,77,89
5/31/2017,101,76,88.5
6/1/2017,99,78,88.5
6/2/2017,102,75,88.5
6/3/2017,107,78,92.5
6/4/2017,107,82,94.5
6/5/2017,107,83,95
6/6/2017,107,84,95.5
6/7/2017,106,82,94
6/8/2017,105,78,91.5
6/9/2017,106,79,92.5
6/10/2017,102,78,90
6/11/2017,101,76,88.5
6/12/2017,93,76,84.5
6/13/2017,96,69,82.5
6/14/2017,103,70,86.5
6/15/2017,108,73,90.5
6/16/2017,109,76,92.5
6/17/2017,110,78,94
6/18/2017,112,80,96
6/19/2017,118,84,101
6/20/2017,119,86,102.5
6/21/2017,117,90,103.5
6/22/2017,113,91,102
6/23/2017,112,87,99.5
6/24/2017,116,88,102
6/25/2017,116,93,104.5
6/26/2017,112,91,101.5
6/27/2017,110,86,98
6/28/2017,108,84,96
6/29/2017,108,83,95.5
6/30/2017,109,83,96
7/1/2017,112,80,96
7/2/2017,110,83,96.5
7/3/2017,107,88,97.5
7/4/2017,111,88,99.5
7/5/2017,112,87,99.5
7/6/2017,111,88,99.5
7/7/2017,118,91,104.5
7/8/2017,113,95,104
7/9/2017,109,87,98
7/10/2017,109,88,98.5
7/11/2017,104,82,93
7/12/2017,108,85,96.5
7/13/2017,109,87,98
7/14/2017,108,86,97
7/15/2017,109,87,98
7/16/2017,104,74,89
7/17/2017,99,76,87.5
7/18/2017,103,79,91
7/19/2017,102,82,92
7/20/2017,103,83,93
7/21/2017,103,83,93
7/22/2017,106,83,94.5
7/23/2017,103,76,89.5
7/24/2017,90,75,82.5
7/25/2017,102,80,91
7/26/2017,106,84,95
7/27/2017,110,89,99.5
7/28/2017,101,85,93
7/29/2017,103,83,93
7/30/2017,99,80,89.5
7/31/2017,107,85,96
8/1/2017,101,87,94
8/2/2017,96,81,88.5
8/3/2017,104,74,89
8/4/2017,103,76,89.5
8/5/2017,106,83,94.5
8/6/2017,105,84,94.5
8/7/2017,107,83,95
8/8/2017,108,82,95
8/9/2017,111,85,98
8/10/2017,105,89,97
8/11/2017,108,82,95
8/12/2017,103,80,91.5
8/13/2017,99,73,86
8/14/2017,103,79,91
8/15/2017,102,83,92.5
8/16/2017,103,78,90.5
8/17/2017,104,78,91
8/18/2017,106,79,92.5
8/19/2017,105,81,93
8/20/2017,102,84,93
8/21/2017,104,85,94.5
8/22/2017,108,83,95.5
8/23/2017,107,78,92.5
8/24/2017,104,79,91.5
8/25/2017,108,85,96.5
8/26/2017,110,87,98.5
8/27/2017,111,89,100
8/28/2017,110,90,100
8/29/2017,109,88,98.5
8/30/2017,108,89,98.5
8/31/2017,108,86,97
9/1/2017,110,85,97.5
9/2/2017,102,84,93
9/3/2017,103,83,93
9/4/2017,104,82,93
9/5/2017,108,85,96.5
9/6/2017,109,86,97.5
9/7/2017,105,85,95
9/8/2017,98,81,89.5
9/9/2017,97,80,88.5
9/10/2017,105,80,92.5
9/11/2017,108,88,98
9/12/2017,110,86,98
9/13/2017,108,86,97
9/14/2017,101,85,93
9/15/2017,98,77,87.5
9/16/2017,97,74,85.5
9/17/2017,98,77,87.5
9/18/2017,99,72,85.5
9/19/2017,100,71,85.5
9/20/2017,99,72,85.5
9/21/2017,98,72,85
9/22/2017,90,73,81.5
9/23/2017,86,66,76
9/24/2017,86,62,74
9/25/2017,89,62,75.5
9/26/2017,89,63,76
9/27/2017,92,68,80
9/28/2017,94,67,80.5
9/29/2017,98,69,83.5
9/30/2017,98,71,84.5
10/1/2017,98,69,83.5
10/2/2017,92,69,80.5
10/3/2017,97,69,83
10/4/2017,99,70,84.5
10/5/2017,98,75,86.5
10/6/2017,97,69,83
10/7/2017,96,66,81
10/8/2017,94,65,79.5
10/9/2017,89,66,77.5
10/10/2017,91,62,76.5
10/11/2017,98,71,84.5
10/12/2017,94,66,80
10/13/2017,95,68,81.5
10/14/2017,94,67,80.5
10/15/2017,97,65,81
10/16/2017,99,69,84
10/17/2017,97,72,84.5
10/18/2017,96,71,83.5
10/19/2017,96,74,85
10/20/2017,89,68,78.5
10/21/2017,85,66,75.5
10/22/2017,92,61,76.5
10/23/2017,97,63,80
10/24/2017,99,67,83
10/25/2017,94,71,82.5
10/26/2017,93,66,79.5
10/27/2017,92,61,76.5
10/28/2017,92,64,78
10/29/2017,91,65,78
10/30/2017,86,63,74.5
10/31/2017,82,63,72.5
11/1/2017,84,63,73.5
11/2/2017,82,64,73
11/3/2017,81,60,70.5
11/4/2017,82,68,75
11/5/2017,79,63,71
11/6/2017,83,59,71
11/7/2017,81,65,73
11/8/2017,83,64,73.5
11/9/2017,85,64,74.5
11/10/2017,86,61,73.5
11/11/2017,85,59,72
11/12/2017,86,58,72
11/13/2017,88,64,76
11/14/2017,87,60,73.5
11/15/2017,84,58,71
11/16/2017,86,60,73
11/17/2017,80,62,71
11/18/2017,79,56,67.5
11/19/2017,82,52,67
11/20/2017,79,54,66.5
11/21/2017,79,55,67
11/22/2017,88,55,71.5
11/23/2017,87,59,73
11/24/2017,86,58,72
11/25/2017,86,58,72
11/26/2017,89,57,73
11/27/2017,82,57,69.5
11/28/2017,74,53,63.5
11/29/2017,77,57,67
11/30/2017,76,62,69
12/1/2017,78,61,69.5
12/2/2017,84,58,71
12/3/2017,80,57,68.5
12/4/2017,73,53,63
12/5/2017,66,50,58
12/6/2017,75,50,62.5
12/7/2017,66,49,57.5
12/8/2017,66,42,54
12/9/2017,76,43,59.5
12/10/2017,78,60,69
12/11/2017,76,52,64
12/12/2017,75,46,60.5
12/13/2017,77,46,61.5
12/14/2017,74,45,59.5
12/15/2017,72,50,61
12/16/2017,67,49,58
12/17/2017,61,50,55.5
12/18/2017,67,46,56.5
12/19/2017,67,44,55.5
12/20/2017,68,45,56.5
12/21/2017,57,43,50
12/22/2017,58,36,47
12/23/2017,61,39,50
12/24/2017,70,41,55.5
12/25/2017,66,43,54.5
12/26/2017,70,41,55.5
12/27/2017,73,46,59.5
12/28/2017,75,43,59
12/29/2017,77,45,61
12/30/2017,77,47,62
12/31/2017,70,45,57.5
1/1/2018,73,43,58
1/2/2018,75,48,61.5
1/3/2018,76,47,61.5
1/4/2018,79,56,67.5
1/5/2018,77,50,63.5
1/6/2018,74,51,62.5
1/7/2018,75,53,64
1/8/2018,75,54,64.5
1/9/2018,80,54,67
1/10/2018,65,52,58.5
1/11/2018,70,48,59
1/12/2018,72,48,60
1/13/2018,78,47,62.5
1/14/2018,79,48,63.5
1/15/2018,75,49,62
1/16/2018,74,51,62.5
1/17/2018,72,52,62
1/18/2018,75,46,60.5
1/19/2018,77,48,62.5
1/20/2018,61,50,55.5
1/21/2018,58,41,49.5
1/22/2018,61,40,50.5
1/23/2018,70,40,55
1/24/2018,76,49,62.5
1/25/2018,77,46,61.5
1/26/2018,68,47,57.5
1/27/2018,73,43,58
1/28/2018,80,45,62.5
1/29/2018,83,55,69
1/30/2018,82,51,66.5
1/31/2018,81,50,65.5
2/1/2018,80,50,65
2/2/2018,80,50,65
2/3/2018,78,49,63.5
2/4/2018,80,50,65
2/5/2018,81,52,66.5
2/6/2018,80,51,65.5
2/7/2018,79,49,64
2/8/2018,84,48,66
2/9/2018,82,53,67.5
2/10/2018,78,52,65
2/11/2018,76,58,67
2/12/2018,66,54,60
2/13/2018,73,58,65.5
2/14/2018,61,54,57.5
2/15/2018,66,54,60
2/16/2018,66,53,59.5
2/17/2018,71,50,60.5
2/18/2018,74,51,62.5
2/19/2018,68,48,58
2/20/2018,60,43,51.5
2/21/2018,60,39,49.5
2/22/2018,63,41,52
2/23/2018,62,41,51.5
2/24/2018,60,39,49.5
2/25/2018,64,39,51.5
2/26/2018,69,41,55
2/27/2018,69,45,57
2/28/2018,60,44,52
3/1/2018,71,44,57.5
3/2/2018,77,46,61.5
3/3/2018,76,48,62
3/4/2018,67,53,60
3/5/2018,72,45,58.5
3/6/2018,80,49,64.5
3/7/2018,79,51,65
3/8/2018,81,57,69
3/9/2018,84,54,69
3/10/2018,75,62,68.5
3/11/2018,76,58,67
3/12/2018,83,58,70.5
3/13/2018,83,60,71.5
3/14/2018,85,61,73
3/15/2018,72,57,64.5
3/16/2018,74,53,63.5
3/17/2018,73,51,62
3/18/2018,68,53,60.5
3/19/2018,74,50,62
3/20/2018,80,50,65
3/21/2018,83,56,69.5
3/22/2018,89,62,75.5
3/23/2018,84,70,77
3/24/2018,82,59,70.5
3/25/2018,77,55,66
3/26/2018,75,55,65
3/27/2018,76,53,64.5
3/28/2018,80,53,66.5
3/29/2018,86,56,71
3/30/2018,89,60,74.5
3/31/2018,92,62,77
4/1/2018,93,66,79.5
4/2/2018,89,62,75.5
4/3/2018,88,62,75
4/4/2018,90,63,76.5
4/5/2018,92,64,78
4/6/2018,93,67,80
4/7/2018,94,69,81.5
4/8/2018,92,74,83
4/9/2018,95,65,80
4/10/2018,100,66,83
4/11/2018,96,66,81
4/12/2018,87,66,76.5
4/13/2018,79,60,69.5
4/14/2018,83,57,70
4/15/2018,91,58,74.5
4/16/2018,84,64,74
4/17/2018,75,58,66.5
4/18/2018,83,54,68.5
4/19/2018,85,58,71.5
4/20/2018,78,56,67
4/21/2018,89,59,74
4/22/2018,94,63,78.5
4/23/2018,96,65,80.5
4/24/2018,98,68,83
4/25/2018,99,69,84
4/26/2018,97,70,83.5
4/27/2018,100,71,85.5
4/28/2018,98,74,86
4/29/2018,94,67,80.5
4/30/2018,86,67,76.5
5/1/2018,77,64,70.5
5/2/2018,75,60,67.5
5/3/2018,83,58,70.5
5/4/2018,96,64,80
5/5/2018,103,68,85.5
5/6/2018,106,73,89.5
5/7/2018,101,77,89
5/8/2018,106,74,90
5/9/2018,105,74,89.5
5/10/2018,106,74,90
5/11/2018,102,75,88.5
5/12/2018,90,72,81
5/13/2018,90,66,78
5/14/2018,95,68,81.5
5/15/2018,95,69,82
5/16/2018,99,70,84.5
5/17/2018,98,71,84.5
5/18/2018,93,69,81
5/19/2018,97,70,83.5
5/20/2018,99,72,85.5
5/21/2018,97,72,84.5
5/22/2018,95,70,82.5
5/23/2018,95,70,82.5
5/24/2018,100,72,86
5/25/2018,100,72,86
5/26/2018,94,72,83
5/27/2018,93,69,81
5/28/2018,98,71,84.5
5/29/2018,102,75,88.5
5/30/2018,102,80,91
5/31/2018,101,74,87.5
6/1/2018,100,75,87.5
6/2/2018,106,74,90
6/3/2018,108,76,92
6/4/2018,110,78,94
6/5/2018,106,79,92.5
6/6/2018,105,79,92
6/7/2018,103,75,89
6/8/2018,107,78,92.5
6/9/2018,108,79,93.5
6/10/2018,106,78,92
6/11/2018,107,77,92
6/12/2018,109,79,94
6/13/2018,109,87,98
6/14/2018,109,90,99.5
6/15/2018,95,82,88.5
6/16/2018,82,74,78
6/17/2018,100,74,87
6/18/2018,101,73,87
6/19/2018,103,76,89.5
6/20/2018,109,79,94
6/21/2018,110,80,95
6/22/2018,111,82,96.5
6/23/2018,109,83,96
6/24/2018,105,81,93
6/25/2018,106,82,94
6/26/2018,110,80,95
6/27/2018,110,83,96.5
6/28/2018,109,85,97
6/29/2018,105,82,93.5
6/30/2018,104,79,91.5
7/1/2018,104,77,90.5
7/2/2018,108,79,93.5
7/3/2018,110,82,96
7/4/2018,107,87,97
7/5/2018,115,88,101.5
7/6/2018,111,94,102.5
7/7/2018,113,91,102
7/8/2018,111,90,100.5
7/9/2018,107,74,90.5
7/10/2018,98,78,88
7/11/2018,101,79,90
7/12/2018,102,78,90
7/13/2018,106,86,96
7/14/2018,103,87,95
7/15/2018,100,88,94
7/16/2018,105,84,94.5
7/17/2018,107,84,95.5
7/18/2018,103,85,94
7/19/2018,106,87,96.5
7/20/2018,109,91,100
7/21/2018,102,79,90.5
7/22/2018,109,85,97
7/23/2018,115,89,102
7/24/2018,116,91,103.5
7/25/2018,116,93,104.5
7/26/2018,111,94,102.5
7/27/2018,110,93,101.5
7/28/2018,108,89,98.5
7/29/2018,105,84,94.5
7/30/2018,109,82,95.5
7/31/2018,107,83,95
8/1/2018,111,91,101
8/2/2018,111,88,99.5
8/3/2018,110,87,98.5
8/4/2018,112,91,101.5
8/5/2018,113,91,102
8/6/2018,114,91,102.5
8/7/2018,110,83,96.5
8/8/2018,103,75,89
8/9/2018,101,76,88.5
8/10/2018,100,72,86
8/11/2018,101,74,87.5
8/12/2018,102,80,91
8/13/2018,101,80,90.5
8/14/2018,103,85,94
8/15/2018,98,82,90
8/16/2018,100,86,93
8/17/2018,103,84,93.5
8/18/2018,107,87,97
8/19/2018,108,89,98.5
8/20/2018,108,90,99
8/21/2018,104,83,93.5
8/22/2018,102,82,92
8/23/2018,103,79,91
8/24/2018,101,78,89.5
8/25/2018,100,79,89.5
8/26/2018,103,81,92
8/27/2018,105,84,94.5
8/28/2018,105,79,92
8/29/2018,106,80,93
8/30/2018,104,84,94
8/31/2018,105,85,95
9/1/2018,103,86,94.5
9/2/2018,103,79,91
9/3/2018,99,74,86.5
9/4/2018,101,80,90.5
9/5/2018,103,83,93
9/6/2018,105,82,93.5
9/7/2018,105,83,94
9/8/2018,109,84,96.5
9/9/2018,106,85,95.5
9/10/2018,107,86,96.5
9/11/2018,108,81,94.5
9/12/2018,107,80,93.5
9/13/2018,106,77,91.5
9/14/2018,109,77,93
9/15/2018,109,81,95
9/16/2018,105,86,95.5
9/17/2018,107,85,96
9/18/2018,104,85,94.5
9/19/2018,92,74,83
9/20/2018,98,73,85.5
9/21/2018,101,78,89.5
9/22/2018,102,81,91.5
9/23/2018,104,78,91
9/24/2018,102,82,92
9/25/2018,100,80,90
9/26/2018,104,78,91
9/27/2018,104,78,91
9/28/2018,105,77,91
9/29/2018,102,79,90.5
9/30/2018,95,74,84.5
10/1/2018,78,69,73.5
10/2/2018,81,69,75
10/3/2018,87,74,80.5
10/4/2018,87,71,79
10/5/2018,86,69,77.5
10/6/2018,85,67,76
10/7/2018,77,57,67
10/8/2018,77,59,68
10/9/2018,81,59,70
10/10/2018,84,60,72
10/11/2018,84,68,76
10/12/2018,82,66,74
10/13/2018,73,63,68
10/14/2018,76,62,69
10/15/2018,78,64,71
10/16/2018,69,59,64
10/17/2018,77,60,68.5
10/18/2018,80,59,69.5
10/19/2018,85,63,74
10/20/2018,93,70,81.5
10/21/2018,89,72,80.5
10/22/2018,89,69,79
10/23/2018,89,67,78
10/24/2018,84,61,72.5
10/25/2018,86,64,75
10/26/2018,88,63,75.5
10/27/2018,89,63,76
10/28/2018,90,63,76.5
10/29/2018,88,65,76.5
10/30/2018,85,66,75.5
10/31/2018,77,58,67.5
11/1/2018,78,56,67
11/2/2018,82,56,69
11/3/2018,82,57,69.5
11/4/2018,82,59,70.5
11/5/2018,84,59,71.5
11/6/2018,84,58,71
11/7/2018,83,59,71
11/8/2018,81,59,70
11/9/2018,78,54,66
11/10/2018,79,55,67
11/11/2018,74,52,63
11/12/2018,67,45,56
11/13/2018,68,47,57.5
11/14/2018,68,51,59.5
11/15/2018,76,44,60
11/16/2018,77,50,63.5
11/17/2018,75,48,61.5
11/18/2018,74,51,62.5
11/19/2018,76,48,62
11/20/2018,78,53,65.5
11/21/2018,75,51,63
11/22/2018,67,54,60.5
11/23/2018,70,51,60.5
11/24/2018,72,48,60
11/25/2018,72,49,60.5
11/26/2018,76,48,62
11/27/2018,76,49,62.5
11/28/2018,76,51,63.5
11/29/2018,68,52,60
11/30/2018,65,51,58
12/1/2018,65,48,56.5
12/2/2018,62,49,55.5
12/3/2018,63,42,52.5
12/4/2018,65,43,54
12/5/2018,73,44,58.5
12/6/2018,59,54,56.5
12/7/2018,70,52,61
12/8/2018,68,49,58.5
12/9/2018,70,46,58
12/10/2018,71,48,59.5
12/11/2018,72,53,62.5
12/12/2018,68,46,57
12/13/2018,69,43,56
12/14/2018,66,42,54
12/15/2018,70,50,60
12/16/2018,68,46,57
12/17/2018,71,46,58.5
12/18/2018,70,46,58
12/19/2018,69,44,56.5
12/20/2018,75,43,59
12/21/2018,69,49,59
12/22/2018,72,45,58.5
12/23/2018,73,45,59
12/24/2018,72,46,59
12/25/2018,66,46,56
12/26/2018,62,45,53.5
12/27/2018,61,42,51.5
12/28/2018,56,38,47
12/29/2018,57,34,45.5
12/30/2018,57,35,46
12/31/2018,52,36,44
1/1/2019,51,38,44.5
1/2/2019,52,30,41
1/3/2019,57,33,45
1/4/2019,67,37,52
1/5/2019,67,45,56
1/6/2019,55,47,51
1/7/2019,63,43,53
1/8/2019,72,43,57.5
1/9/2019,73,48,60.5
1/10/2019,67,50,58.5
1/11/2019,66,45,55.5
1/12/2019,69,47,58
1/13/2019,63,47,55
1/14/2019,70,51,60.5
1/15/2019,65,53,59
1/16/2019,69,50,59.5
1/17/2019,69,48,58.5
1/18/2019,70,51,60.5
1/19/2019,71,44,57.5
1/20/2019,74,46,60
1/21/2019,68,49,58.5
1/22/2019,64,43,53.5
1/23/2019,62,38,50
1/24/2019,69,39,54
1/25/2019,69,40,54.5
1/26/2019,72,41,56.5
1/27/2019,73,45,59
1/28/2019,72,47,59.5
1/29/2019,71,51,61
1/30/2019,74,55,64.5
1/31/2019,73,51,62
2/1/2019,75,54,64.5
2/2/2019,73,56,64.5
2/3/2019,67,56,61.5
2/4/2019,66,55,60.5
2/5/2019,67,50,58.5
2/6/2019,56,42,49
2/7/2019,57,36,46.5
2/8/2019,67,38,52.5
2/9/2019,59,44,51.5
2/10/2019,66,38,52
2/11/2019,59,43,51
2/12/2019,69,38,53.5
2/13/2019,67,49,58
2/14/2019,61,56,58.5
2/15/2019,67,52,59.5
2/16/2019,63,49,56
2/17/2019,60,41,50.5
2/18/2019,55,43,49
2/19/2019,57,36,46.5
2/20/2019,58,34,46
2/21/2019,54,40,47
2/22/2019,47,38,42.5
2/23/2019,55,36,45.5
2/24/2019,64,37,50.5
2/25/2019,67,41,54
2/26/2019,72,43,57.5
2/27/2019,76,54,65
2/28/2019,77,51,64
3/1/2019,78,56,67
3/2/2019,76,57,66.5
3/3/2019,75,52,63.5
3/4/2019,74,52,63
3/5/2019,80,53,66.5
3/6/2019,85,58,71.5
3/7/2019,75,58,66.5
3/8/2019,69,54,61.5
3/9/2019,66,46,56
3/10/2019,70,48,59
3/11/2019,68,52,60
3/12/2019,59,51,55
3/13/2019,67,50,58.5
3/14/2019,65,44,54.5
3/15/2019,75,48,61.5
3/16/2019,79,60,69.5
3/17/2019,79,59,69
3/18/2019,83,57,70
3/19/2019,85,59,72
3/20/2019,83,60,71.5
3/21/2019,70,57,63.5
3/22/2019,74,50,62
3/23/2019,78,54,66
3/24/2019,81,53,67
3/25/2019,87,54,70.5
3/26/2019,87,58,72.5
3/27/2019,82,62,72
3/28/2019,86,57,71.5
3/29/2019,82,57,69.5
3/30/2019,83,55,69
3/31/2019,81,55,68
4/1/2019,83,58,70.5
4/2/2019,88,58,73
4/3/2019,79,63,71
4/4/2019,85,60,72.5
4/5/2019,82,58,70
4/6/2019,82,65,73.5
4/7/2019,89,61,75
4/8/2019,97,63,80
4/9/2019,97,66,81.5
4/10/2019,77,60,68.5
4/11/2019,78,55,66.5
4/12/2019,76,64,70
4/13/2019,80,55,67.5
4/14/2019,86,58,72
4/15/2019,89,62,75.5
4/16/2019,82,61,71.5
4/17/2019,79,57,68
4/18/2019,92,60,76
4/19/2019,99,65,82
4/20/2019,94,70,82
4/21/2019,90,67,78.5
4/22/2019,88,62,75
4/23/2019,86,64,75
4/24/2019,94,65,79.5
4/25/2019,99,68,83.5
4/26/2019,100,71,85.5
4/27/2019,98,71,84.5
4/28/2019,97,69,83
4/29/2019,87,63,75
4/30/2019,83,61,72
5/1/2019,88,65,76.5
5/2/2019,88,64,76
5/3/2019,94,65,79.5
5/4/2019,95,66,80.5
5/5/2019,94,67,80.5
5/6/2019,86,67,76.5
5/7/2019,80,60,70
5/8/2019,88,65,76.5
5/9/2019,90,64,77
5/10/2019,87,66,76.5
5/11/2019,87,64,75.5
5/12/2019,86,65,75.5
5/13/2019,91,65,78
5/14/2019,98,71,84.5
5/15/2019,100,73,86.5
5/16/2019,94,73,83.5
5/17/2019,81,61,71
5/18/2019,86,62,74
5/19/2019,81,68,74.5
5/20/2019,77,60,68.5
5/21/2019,83,57,70
5/22/2019,77,60,68.5
5/23/2019,76,54,65
5/24/2019,88,59,73.5
5/25/2019,94,63,78.5
5/26/2019,85,66,75.5
5/27/2019,79,65,72
5/28/2019,84,61,72.5
5/29/2019,91,65,78
5/30/2019,96,71,83.5
5/31/2019,99,72,85.5
6/1/2019,98,72,85
6/2/2019,96,76,86
6/3/2019,98,74,86
6/4/2019,98,74,86
6/5/2019,102,76,89
6/6/2019,103,77,90
6/7/2019,102,79,90.5
6/8/2019,100,73,86.5
6/9/2019,105,75,90
6/10/2019,109,81,95
6/11/2019,108,84,96
6/12/2019,112,80,96
6/13/2019,107,82,94.5
6/14/2019,105,77,91
6/15/2019,105,77,91
6/16/2019,107,80,93.5
6/17/2019,105,82,93.5
6/18/2019,104,79,91.5
6/19/2019,104,76,90
6/20/2019,104,76,90
6/21/2019,103,77,90
6/22/2019,99,77,88
6/23/2019,100,76,88
6/24/2019,103,75,89
6/25/2019,105,76,90.5
6/26/2019,104,78,91
6/27/2019,104,79,91.5
6/28/2019,110,80,95
6/29/2019,111,86,98.5
6/30/2019,110,89,99.5
7/1/2019,110,87,98.5
7/2/2019,108,84,96
7/3/2019,108,82,95
7/4/2019,107,78,92.5
7/5/2019,105,79,92
7/6/2019,106,81,93.5
7/7/2019,109,86,97.5
7/8/2019,105,76,90.5
7/9/2019,105,76,90.5
7/10/2019,111,84,97.5
7/11/2019,114,90,102
7/12/2019,112,91,101.5
7/13/2019,110,92,101
7/14/2019,109,92,100.5
7/15/2019,114,89,101.5
7/16/2019,115,89,102
7/17/2019,106,90,98
7/18/2019,107,86,96.5
7/19/2019,108,86,97
7/20/2019,108,84,96
7/21/2019,109,86,97.5
7/22/2019,104,81,92.5
7/23/2019,107,83,95
7/24/2019,102,80,91
7/25/2019,108,88,98
7/26/2019,110,90,100
7/27/2019,113,93,103
7/28/2019,111,92,101.5
7/29/2019,110,92,101
7/30/2019,107,76,91.5
7/31/2019,97,76,86.5
8/1/2019,105,83,94
8/2/2019,110,90,100
8/3/2019,114,83,98.5
8/4/2019,111,86,98.5
8/5/2019,115,89,102
8/6/2019,102,89,95.5
8/7/2019,107,88,97.5
8/8/2019,108,86,97
8/9/2019,101,89,95
8/10/2019,103,86,94.5
8/11/2019,105,83,94
8/12/2019,106,89,97.5
8/13/2019,110,83,96.5
8/14/2019,114,83,98.5
8/15/2019,114,85,99.5
8/16/2019,111,85,98
8/17/2019,108,86,97
8/18/2019,105,84,94.5
8/19/2019,109,81,95
8/20/2019,113,83,98
8/21/2019,114,85,99.5
8/22/2019,110,85,97.5
8/23/2019,105,86,95.5
8/24/2019,102,85,93.5
8/25/2019,103,85,94
8/26/2019,107,88,97.5
8/27/2019,111,91,101
8/28/2019,109,79,94
8/29/2019,106,80,93
8/30/2019,109,86,97.5
8/31/2019,107,86,96.5
